0.000000000000000000e+00,1.463839084761191754e-02,1.463839084761192275e-02,1.463839084761192795e-02,1.463839084761192275e-02,1.463839084761192622e-02,1.463839084761192275e-02,1.463839084761192101e-02,1.463839084761192622e-02,1.463839084761192275e-02,1.463839084761192275e-02,1.463839084761192275e-02,1.463839084761192275e-02,1.463839084761192275e-02,1.463839084761192275e-02,1.020431288632956193e-02,1.463839084761192275e-02,1.463839084761192275e-02,1.463839084761192275e-02,1.463839084761192275e-02,1.463839084761192275e-02,1.463839084761192275e-02,1.463839084761192275e-02,1.318709422068012685e-02,3.475462259339132109e-03,-4.172578305965270185e-03,2.383376838810619472e-03,3.841169605272323762e-03,1.463839084761192275e-02,1.463839084761192275e-02,1.463839084761192275e-02,1.463839084761192275e-02,1.463839084761192275e-02,1.219081343645011736e-02,-5.114550238848415697e-03,6.215829959340470751e-03,3.590131009910263460e-03,-5.429887832916563406e-03,1.463839084761192275e-02,1.463839084761192275e-02,1.463839084761192275e-02,8.270227055413508638e-03,1.219081343645011736e-02,3.529470718559128695e-03,7.667426978399158322e-03,5.963046788765878625e-03,-9.333987927064040305e-03,8.663407370502300420e-03,1.463839084761192275e-02,1.463839084761192275e-02,1.463839084761192275e-02,8.270227055413508638e-03,2.295243578303875036e-03,3.063138145735222473e-04,-3.304553711263383264e-04,-2.295243578303875036e-03,-2.579258070933523883e-03,4.229329409219963892e-03,1.463839084761192275e-02,1.463839084761192275e-02,1.463839084761192275e-02,1.463839084761192275e-02,6.990350282307508309e-03,3.011588555853844662e-03,6.806522827542162146e-03,2.311729865193026812e-03,-4.433607048686562593e-03,1.296533375941714798e-02,1.463839084761192275e-02,1.463839084761192275e-02,1.463839084761192275e-02,1.463839084761192275e-02,1.712796282248883056e-03,-8.415177377622401478e-04,-3.067334687661099624e-03,-7.518024972694853370e-04,2.992673055354878181e-03,1.463839084761192275e-02,1.463839084761192275e-02,1.463839084761192275e-02,1.463839084761192275e-02,1.463839084761192275e-02,7.909540220621482515e-03,-3.910810726437386614e-03,9.360836847553294024e-03,1.638610956811294150e-02,8.270227055413508638e-03,1.463839084761192275e-02,1.463839084761192275e-02,1.463839084761192275e-02,1.463839084761192275e-02,1.463839084761192275e-02,1.463839084761192275e-02,1.463839084761192275e-02,1.463839084761192275e-02,1.463839084761192275e-02,1.463839084761192448e-02,1.463839084761192448e-02,1.463839084761192622e-02,1.463839084761192622e-02
1.463839084761191754e-02,0.000000000000000000e+00,1.463839084761192275e-02,1.463839084761192795e-02,1.463839084761192275e-02,1.463839084761192622e-02,1.463839084761192275e-02,1.463839084761192101e-02,1.463839084761192622e-02,1.463839084761192275e-02,1.463839084761192275e-02,1.463839084761192275e-02,1.463839084761192275e-02,1.463839084761192275e-02,1.463839084761192275e-02,1.020431288632956193e-02,1.463839084761192275e-02,1.463839084761192275e-02,1.463839084761192275e-02,1.463839084761192275e-02,1.463839084761192275e-02,1.463839084761192275e-02,1.463839084761192275e-02,1.318709422068012685e-02,3.475462259339132109e-03,-4.172578305965270185e-03,2.383376838810619472e-03,3.841169605272323762e-03,1.463839084761192275e-02,1.463839084761192275e-02,1.463839084761192275e-02,1.463839084761192275e-02,1.463839084761192275e-02,1.219081343645011736e-02,-5.114550238848415697e-03,6.215829959340470751e-03,3.590131009910263460e-03,-5.429887832916563406e-03,1.463839084761192275e-02,1.463839084761192275e-02,1.463839084761192275e-02,8.270227055413508638e-03,1.219081343645011736e-02,3.529470718559128695e-03,7.667426978399158322e-03,5.963046788765878625e-03,-9.333987927064040305e-03,8.663407370502300420e-03,1.463839084761192275e-02,1.463839084761192275e-02,1.463839084761192275e-02,8.270227055413508638e-03,2.295243578303875036e-03,3.063138145735222473e-04,-3.304553711263383264e-04,-2.295243578303875036e-03,-2.579258070933523883e-03,4.229329409219963892e-03,1.463839084761192275e-02,1.463839084761192275e-02,1.463839084761192275e-02,1.463839084761192275e-02,6.990350282307508309e-03,3.011588555853844662e-03,6.806522827542162146e-03,2.311729865193026812e-03,-4.433607048686562593e-03,1.296533375941714798e-02,1.463839084761192275e-02,1.463839084761192275e-02,1.463839084761192275e-02,1.463839084761192275e-02,1.712796282248883056e-03,-8.415177377622401478e-04,-3.067334687661099624e-03,-7.518024972694853370e-04,2.992673055354878181e-03,1.463839084761192275e-02,1.463839084761192275e-02,1.463839084761192275e-02,1.463839084761192275e-02,1.463839084761192275e-02,7.909540220621482515e-03,-3.910810726437386614e-03,9.360836847553294024e-03,1.638610956811294150e-02,8.270227055413508638e-03,1.463839084761192275e-02,1.463839084761192275e-02,1.463839084761192275e-02,1.463839084761192275e-02,1.463839084761192275e-02,1.463839084761192275e-02,1.463839084761192275e-02,1.463839084761192275e-02,1.463839084761192275e-02,1.463839084761192448e-02,1.463839084761192448e-02,1.463839084761192622e-02,1.463839084761192622e-02
1.463839084761191754e-02,1.463839084761191754e-02,0.000000000000000000e+00,1.463839084761192795e-02,1.463839084761192275e-02,1.463839084761192622e-02,1.463839084761192275e-02,1.463839084761192101e-02,1.463839084761192622e-02,1.463839084761192275e-02,1.463839084761192275e-02,1.463839084761192275e-02,1.463839084761192275e-02,1.463839084761192275e-02,1.463839084761192275e-02,1.020431288632956193e-02,1.463839084761192275e-02,1.463839084761192275e-02,1.463839084761192275e-02,1.463839084761192275e-02,1.463839084761192275e-02,1.463839084761192275e-02,1.463839084761192275e-02,1.318709422068012685e-02,3.475462259339132109e-03,-4.172578305965270185e-03,2.383376838810619472e-03,3.841169605272323762e-03,1.463839084761192275e-02,1.463839084761192275e-02,1.463839084761192275e-02,1.463839084761192275e-02,1.463839084761192275e-02,1.219081343645011736e-02,-5.114550238848415697e-03,6.215829959340470751e-03,3.590131009910263460e-03,-5.429887832916563406e-03,1.463839084761192275e-02,1.463839084761192275e-02,1.463839084761192275e-02,8.270227055413508638e-03,1.219081343645011736e-02,3.529470718559128695e-03,7.667426978399158322e-03,5.963046788765878625e-03,-9.333987927064040305e-03,8.663407370502300420e-03,1.463839084761192275e-02,1.463839084761192275e-02,1.463839084761192275e-02,8.270227055413508638e-03,2.295243578303875036e-03,3.063138145735222473e-04,-3.304553711263383264e-04,-2.295243578303875036e-03,-2.579258070933523883e-03,4.229329409219963892e-03,1.463839084761192275e-02,1.463839084761192275e-02,1.463839084761192275e-02,1.463839084761192275e-02,6.990350282307508309e-03,3.011588555853844662e-03,6.806522827542162146e-03,2.311729865193026812e-03,-4.433607048686562593e-03,1.296533375941714798e-02,1.463839084761192275e-02,1.463839084761192275e-02,1.463839084761192275e-02,1.463839084761192275e-02,1.712796282248883056e-03,-8.415177377622401478e-04,-3.067334687661099624e-03,-7.518024972694853370e-04,2.992673055354878181e-03,1.463839084761192275e-02,1.463839084761192275e-02,1.463839084761192275e-02,1.463839084761192275e-02,1.463839084761192275e-02,7.909540220621482515e-03,-3.910810726437386614e-03,9.360836847553294024e-03,1.638610956811294150e-02,8.270227055413508638e-03,1.463839084761192275e-02,1.463839084761192275e-02,1.463839084761192275e-02,1.463839084761192275e-02,1.463839084761192275e-02,1.463839084761192275e-02,1.463839084761192275e-02,1.463839084761192275e-02,1.463839084761192275e-02,1.463839084761192448e-02,1.463839084761192448e-02,1.463839084761192622e-02,1.463839084761192622e-02
1.463839084761191754e-02,1.463839084761191754e-02,1.463839084761192275e-02,0.000000000000000000e+00,1.463839084761192275e-02,1.463839084761192622e-02,1.463839084761192275e-02,1.463839084761192101e-02,1.463839084761192622e-02,1.463839084761192275e-02,1.463839084761192275e-02,1.463839084761192275e-02,1.463839084761192275e-02,1.463839084761192275e-02,1.463839084761192275e-02,1.020431288632956193e-02,1.463839084761192275e-02,1.463839084761192275e-02,1.463839084761192275e-02,1.463839084761192275e-02,1.463839084761192275e-02,1.463839084761192275e-02,1.463839084761192275e-02,1.318709422068012685e-02,3.475462259339132109e-03,-4.172578305965270185e-03,2.383376838810619472e-03,3.841169605272323762e-03,1.463839084761192275e-02,1.463839084761192275e-02,1.463839084761192275e-02,1.463839084761192275e-02,1.463839084761192275e-02,1.219081343645011736e-02,-5.114550238848415697e-03,6.215829959340470751e-03,3.590131009910263460e-03,-5.429887832916563406e-03,1.463839084761192275e-02,1.463839084761192275e-02,1.463839084761192275e-02,8.270227055413508638e-03,1.219081343645011736e-02,3.529470718559128695e-03,7.667426978399158322e-03,5.963046788765878625e-03,-9.333987927064040305e-03,8.663407370502300420e-03,1.463839084761192275e-02,1.463839084761192275e-02,1.463839084761192275e-02,8.270227055413508638e-03,2.295243578303875036e-03,3.063138145735222473e-04,-3.304553711263383264e-04,-2.295243578303875036e-03,-2.579258070933523883e-03,4.229329409219963892e-03,1.463839084761192275e-02,1.463839084761192275e-02,1.463839084761192275e-02,1.463839084761192275e-02,6.990350282307508309e-03,3.011588555853844662e-03,6.806522827542162146e-03,2.311729865193026812e-03,-4.433607048686562593e-03,1.296533375941714798e-02,1.463839084761192275e-02,1.463839084761192275e-02,1.463839084761192275e-02,1.463839084761192275e-02,1.712796282248883056e-03,-8.415177377622401478e-04,-3.067334687661099624e-03,-7.518024972694853370e-04,2.992673055354878181e-03,1.463839084761192275e-02,1.463839084761192275e-02,1.463839084761192275e-02,1.463839084761192275e-02,1.463839084761192275e-02,7.909540220621482515e-03,-3.910810726437386614e-03,9.360836847553294024e-03,1.638610956811294150e-02,8.270227055413508638e-03,1.463839084761192275e-02,1.463839084761192275e-02,1.463839084761192275e-02,1.463839084761192275e-02,1.463839084761192275e-02,1.463839084761192275e-02,1.463839084761192275e-02,1.463839084761192275e-02,1.463839084761192275e-02,1.463839084761192448e-02,1.463839084761192448e-02,1.463839084761192622e-02,1.463839084761192622e-02
1.463839084761191754e-02,1.463839084761191754e-02,1.463839084761192275e-02,1.463839084761192795e-02,0.000000000000000000e+00,1.463839084761192622e-02,1.463839084761192275e-02,1.463839084761192101e-02,1.463839084761192622e-02,1.463839084761192275e-02,1.463839084761192275e-02,1.463839084761192275e-02,1.463839084761192275e-02,1.463839084761192275e-02,1.463839084761192275e-02,1.020431288632956193e-02,1.463839084761192275e-02,1.463839084761192275e-02,1.463839084761192275e-02,1.463839084761192275e-02,1.463839084761192275e-02,1.463839084761192275e-02,1.463839084761192275e-02,1.318709422068012685e-02,3.475462259339132109e-03,-4.172578305965270185e-03,2.383376838810619472e-03,3.841169605272323762e-03,1.463839084761192275e-02,1.463839084761192275e-02,1.463839084761192275e-02,1.463839084761192275e-02,1.463839084761192275e-02,1.219081343645011736e-02,-5.114550238848415697e-03,6.215829959340470751e-03,3.590131009910263460e-03,-5.429887832916563406e-03,1.463839084761192275e-02,1.463839084761192275e-02,1.463839084761192275e-02,8.270227055413508638e-03,1.219081343645011736e-02,3.529470718559128695e-03,7.667426978399158322e-03,5.963046788765878625e-03,-9.333987927064040305e-03,8.663407370502300420e-03,1.463839084761192275e-02,1.463839084761192275e-02,1.463839084761192275e-02,8.270227055413508638e-03,2.295243578303875036e-03,3.063138145735222473e-04,-3.304553711263383264e-04,-2.295243578303875036e-03,-2.579258070933523883e-03,4.229329409219963892e-03,1.463839084761192275e-02,1.463839084761192275e-02,1.463839084761192275e-02,1.463839084761192275e-02,6.990350282307508309e-03,3.011588555853844662e-03,6.806522827542162146e-03,2.311729865193026812e-03,-4.433607048686562593e-03,1.296533375941714798e-02,1.463839084761192275e-02,1.463839084761192275e-02,1.463839084761192275e-02,1.463839084761192275e-02,1.712796282248883056e-03,-8.415177377622401478e-04,-3.067334687661099624e-03,-7.518024972694853370e-04,2.992673055354878181e-03,1.463839084761192275e-02,1.463839084761192275e-02,1.463839084761192275e-02,1.463839084761192275e-02,1.463839084761192275e-02,7.909540220621482515e-03,-3.910810726437386614e-03,9.360836847553294024e-03,1.638610956811294150e-02,8.270227055413508638e-03,1.463839084761192275e-02,1.463839084761192275e-02,1.463839084761192275e-02,1.463839084761192275e-02,1.463839084761192275e-02,1.463839084761192275e-02,1.463839084761192275e-02,1.463839084761192275e-02,1.463839084761192275e-02,1.463839084761192448e-02,1.463839084761192448e-02,1.463839084761192622e-02,1.463839084761192622e-02
1.463839084761191754e-02,1.463839084761191754e-02,1.463839084761192275e-02,1.463839084761192795e-02,1.463839084761192275e-02,0.000000000000000000e+00,1.463839084761192275e-02,1.463839084761192101e-02,1.463839084761192622e-02,1.463839084761192275e-02,1.463839084761192275e-02,1.463839084761192275e-02,1.463839084761192275e-02,1.463839084761192275e-02,1.463839084761192275e-02,1.020431288632956193e-02,1.463839084761192275e-02,1.463839084761192275e-02,1.463839084761192275e-02,1.463839084761192275e-02,1.463839084761192275e-02,1.463839084761192275e-02,1.463839084761192275e-02,1.318709422068012685e-02,3.475462259339132109e-03,-4.172578305965270185e-03,2.383376838810619472e-03,3.841169605272323762e-03,1.463839084761192275e-02,1.463839084761192275e-02,1.463839084761192275e-02,1.463839084761192275e-02,1.463839084761192275e-02,1.219081343645011736e-02,-5.114550238848415697e-03,6.215829959340470751e-03,3.590131009910263460e-03,-5.429887832916563406e-03,1.463839084761192275e-02,1.463839084761192275e-02,1.463839084761192275e-02,8.270227055413508638e-03,1.219081343645011736e-02,3.529470718559128695e-03,7.667426978399158322e-03,5.963046788765878625e-03,-9.333987927064040305e-03,8.663407370502300420e-03,1.463839084761192275e-02,1.463839084761192275e-02,1.463839084761192275e-02,8.270227055413508638e-03,2.295243578303875036e-03,3.063138145735222473e-04,-3.304553711263383264e-04,-2.295243578303875036e-03,-2.579258070933523883e-03,4.229329409219963892e-03,1.463839084761192275e-02,1.463839084761192275e-02,1.463839084761192275e-02,1.463839084761192275e-02,6.990350282307508309e-03,3.011588555853844662e-03,6.806522827542162146e-03,2.311729865193026812e-03,-4.433607048686562593e-03,1.296533375941714798e-02,1.463839084761192275e-02,1.463839084761192275e-02,1.463839084761192275e-02,1.463839084761192275e-02,1.712796282248883056e-03,-8.415177377622401478e-04,-3.067334687661099624e-03,-7.518024972694853370e-04,2.992673055354878181e-03,1.463839084761192275e-02,1.463839084761192275e-02,1.463839084761192275e-02,1.463839084761192275e-02,1.463839084761192275e-02,7.909540220621482515e-03,-3.910810726437386614e-03,9.360836847553294024e-03,1.638610956811294150e-02,8.270227055413508638e-03,1.463839084761192275e-02,1.463839084761192275e-02,1.463839084761192275e-02,1.463839084761192275e-02,1.463839084761192275e-02,1.463839084761192275e-02,1.463839084761192275e-02,1.463839084761192275e-02,1.463839084761192275e-02,1.463839084761192448e-02,1.463839084761192448e-02,1.463839084761192622e-02,1.463839084761192622e-02
1.463839084761191754e-02,1.463839084761191754e-02,1.463839084761192275e-02,1.463839084761192795e-02,1.463839084761192275e-02,1.463839084761192622e-02,0.000000000000000000e+00,1.463839084761192101e-02,1.463839084761192622e-02,1.463839084761192275e-02,1.463839084761192275e-02,1.463839084761192275e-02,1.463839084761192275e-02,1.463839084761192275e-02,1.463839084761192275e-02,1.020431288632956193e-02,1.463839084761192275e-02,1.463839084761192275e-02,1.463839084761192275e-02,1.463839084761192275e-02,1.463839084761192275e-02,1.463839084761192275e-02,1.463839084761192275e-02,1.318709422068012685e-02,3.475462259339132109e-03,-4.172578305965270185e-03,2.383376838810619472e-03,3.841169605272323762e-03,1.463839084761192275e-02,1.463839084761192275e-02,1.463839084761192275e-02,1.463839084761192275e-02,1.463839084761192275e-02,1.219081343645011736e-02,-5.114550238848415697e-03,6.215829959340470751e-03,3.590131009910263460e-03,-5.429887832916563406e-03,1.463839084761192275e-02,1.463839084761192275e-02,1.463839084761192275e-02,8.270227055413508638e-03,1.219081343645011736e-02,3.529470718559128695e-03,7.667426978399158322e-03,5.963046788765878625e-03,-9.333987927064040305e-03,8.663407370502300420e-03,1.463839084761192275e-02,1.463839084761192275e-02,1.463839084761192275e-02,8.270227055413508638e-03,2.295243578303875036e-03,3.063138145735222473e-04,-3.304553711263383264e-04,-2.295243578303875036e-03,-2.579258070933523883e-03,4.229329409219963892e-03,1.463839084761192275e-02,1.463839084761192275e-02,1.463839084761192275e-02,1.463839084761192275e-02,6.990350282307508309e-03,3.011588555853844662e-03,6.806522827542162146e-03,2.311729865193026812e-03,-4.433607048686562593e-03,1.296533375941714798e-02,1.463839084761192275e-02,1.463839084761192275e-02,1.463839084761192275e-02,1.463839084761192275e-02,1.712796282248883056e-03,-8.415177377622401478e-04,-3.067334687661099624e-03,-7.518024972694853370e-04,2.992673055354878181e-03,1.463839084761192275e-02,1.463839084761192275e-02,1.463839084761192275e-02,1.463839084761192275e-02,1.463839084761192275e-02,7.909540220621482515e-03,-3.910810726437386614e-03,9.360836847553294024e-03,1.638610956811294150e-02,8.270227055413508638e-03,1.463839084761192275e-02,1.463839084761192275e-02,1.463839084761192275e-02,1.463839084761192275e-02,1.463839084761192275e-02,1.463839084761192275e-02,1.463839084761192275e-02,1.463839084761192275e-02,1.463839084761192275e-02,1.463839084761192448e-02,1.463839084761192448e-02,1.463839084761192622e-02,1.463839084761192622e-02
1.463839084761191754e-02,1.463839084761191754e-02,1.463839084761192275e-02,1.463839084761192795e-02,1.463839084761192275e-02,1.463839084761192622e-02,1.463839084761192275e-02,0.000000000000000000e+00,1.463839084761192622e-02,1.463839084761192275e-02,1.463839084761192275e-02,1.463839084761192275e-02,1.463839084761192275e-02,1.463839084761192275e-02,1.463839084761192275e-02,1.020431288632956193e-02,1.463839084761192275e-02,1.463839084761192275e-02,1.463839084761192275e-02,1.463839084761192275e-02,1.463839084761192275e-02,1.463839084761192275e-02,1.463839084761192275e-02,1.318709422068012685e-02,3.475462259339132109e-03,-4.172578305965270185e-03,2.383376838810619472e-03,3.841169605272323762e-03,1.463839084761192275e-02,1.463839084761192275e-02,1.463839084761192275e-02,1.463839084761192275e-02,1.463839084761192275e-02,1.219081343645011736e-02,-5.114550238848415697e-03,6.215829959340470751e-03,3.590131009910263460e-03,-5.429887832916563406e-03,1.463839084761192275e-02,1.463839084761192275e-02,1.463839084761192275e-02,8.270227055413508638e-03,1.219081343645011736e-02,3.529470718559128695e-03,7.667426978399158322e-03,5.963046788765878625e-03,-9.333987927064040305e-03,8.663407370502300420e-03,1.463839084761192275e-02,1.463839084761192275e-02,1.463839084761192275e-02,8.270227055413508638e-03,2.295243578303875036e-03,3.063138145735222473e-04,-3.304553711263383264e-04,-2.295243578303875036e-03,-2.579258070933523883e-03,4.229329409219963892e-03,1.463839084761192275e-02,1.463839084761192275e-02,1.463839084761192275e-02,1.463839084761192275e-02,6.990350282307508309e-03,3.011588555853844662e-03,6.806522827542162146e-03,2.311729865193026812e-03,-4.433607048686562593e-03,1.296533375941714798e-02,1.463839084761192275e-02,1.463839084761192275e-02,1.463839084761192275e-02,1.463839084761192275e-02,1.712796282248883056e-03,-8.415177377622401478e-04,-3.067334687661099624e-03,-7.518024972694853370e-04,2.992673055354878181e-03,1.463839084761192275e-02,1.463839084761192275e-02,1.463839084761192275e-02,1.463839084761192275e-02,1.463839084761192275e-02,7.909540220621482515e-03,-3.910810726437386614e-03,9.360836847553294024e-03,1.638610956811294150e-02,8.270227055413508638e-03,1.463839084761192275e-02,1.463839084761192275e-02,1.463839084761192275e-02,1.463839084761192275e-02,1.463839084761192275e-02,1.463839084761192275e-02,1.463839084761192275e-02,1.463839084761192275e-02,1.463839084761192275e-02,1.463839084761192448e-02,1.463839084761192448e-02,1.463839084761192622e-02,1.463839084761192622e-02
1.463839084761191754e-02,1.463839084761191754e-02,1.463839084761192275e-02,1.463839084761192795e-02,1.463839084761192275e-02,1.463839084761192622e-02,1.463839084761192275e-02,1.463839084761192101e-02,0.000000000000000000e+00,1.463839084761192275e-02,1.463839084761192275e-02,1.463839084761192275e-02,1.463839084761192275e-02,1.463839084761192275e-02,1.463839084761192275e-02,1.020431288632956193e-02,1.463839084761192275e-02,1.463839084761192275e-02,1.463839084761192275e-02,1.463839084761192275e-02,1.463839084761192275e-02,1.463839084761192275e-02,1.463839084761192275e-02,1.318709422068012685e-02,3.475462259339132109e-03,-4.172578305965270185e-03,2.383376838810619472e-03,3.841169605272323762e-03,1.463839084761192275e-02,1.463839084761192275e-02,1.463839084761192275e-02,1.463839084761192275e-02,1.463839084761192275e-02,1.219081343645011736e-02,-5.114550238848415697e-03,6.215829959340470751e-03,3.590131009910263460e-03,-5.429887832916563406e-03,1.463839084761192275e-02,1.463839084761192275e-02,1.463839084761192275e-02,8.270227055413508638e-03,1.219081343645011736e-02,3.529470718559128695e-03,7.667426978399158322e-03,5.963046788765878625e-03,-9.333987927064040305e-03,8.663407370502300420e-03,1.463839084761192275e-02,1.463839084761192275e-02,1.463839084761192275e-02,8.270227055413508638e-03,2.295243578303875036e-03,3.063138145735222473e-04,-3.304553711263383264e-04,-2.295243578303875036e-03,-2.579258070933523883e-03,4.229329409219963892e-03,1.463839084761192275e-02,1.463839084761192275e-02,1.463839084761192275e-02,1.463839084761192275e-02,6.990350282307508309e-03,3.011588555853844662e-03,6.806522827542162146e-03,2.311729865193026812e-03,-4.433607048686562593e-03,1.296533375941714798e-02,1.463839084761192275e-02,1.463839084761192275e-02,1.463839084761192275e-02,1.463839084761192275e-02,1.712796282248883056e-03,-8.415177377622401478e-04,-3.067334687661099624e-03,-7.518024972694853370e-04,2.992673055354878181e-03,1.463839084761192275e-02,1.463839084761192275e-02,1.463839084761192275e-02,1.463839084761192275e-02,1.463839084761192275e-02,7.909540220621482515e-03,-3.910810726437386614e-03,9.360836847553294024e-03,1.638610956811294150e-02,8.270227055413508638e-03,1.463839084761192275e-02,1.463839084761192275e-02,1.463839084761192275e-02,1.463839084761192275e-02,1.463839084761192275e-02,1.463839084761192275e-02,1.463839084761192275e-02,1.463839084761192275e-02,1.463839084761192275e-02,1.463839084761192448e-02,1.463839084761192448e-02,1.463839084761192622e-02,1.463839084761192622e-02
1.463839084761191754e-02,1.463839084761191754e-02,1.463839084761192275e-02,1.463839084761192795e-02,1.463839084761192275e-02,1.463839084761192622e-02,1.463839084761192275e-02,1.463839084761192101e-02,1.463839084761192622e-02,0.000000000000000000e+00,1.463839084761192275e-02,1.463839084761192275e-02,1.463839084761192275e-02,1.463839084761192275e-02,1.463839084761192275e-02,1.020431288632956193e-02,1.463839084761192275e-02,1.463839084761192275e-02,1.463839084761192275e-02,1.463839084761192275e-02,1.463839084761192275e-02,1.463839084761192275e-02,1.463839084761192275e-02,1.318709422068012685e-02,3.475462259339132109e-03,-4.172578305965270185e-03,2.383376838810619472e-03,3.841169605272323762e-03,1.463839084761192275e-02,1.463839084761192275e-02,1.463839084761192275e-02,1.463839084761192275e-02,1.463839084761192275e-02,1.219081343645011736e-02,-5.114550238848415697e-03,6.215829959340470751e-03,3.590131009910263460e-03,-5.429887832916563406e-03,1.463839084761192275e-02,1.463839084761192275e-02,1.463839084761192275e-02,8.270227055413508638e-03,1.219081343645011736e-02,3.529470718559128695e-03,7.667426978399158322e-03,5.963046788765878625e-03,-9.333987927064040305e-03,8.663407370502300420e-03,1.463839084761192275e-02,1.463839084761192275e-02,1.463839084761192275e-02,8.270227055413508638e-03,2.295243578303875036e-03,3.063138145735222473e-04,-3.304553711263383264e-04,-2.295243578303875036e-03,-2.579258070933523883e-03,4.229329409219963892e-03,1.463839084761192275e-02,1.463839084761192275e-02,1.463839084761192275e-02,1.463839084761192275e-02,6.990350282307508309e-03,3.011588555853844662e-03,6.806522827542162146e-03,2.311729865193026812e-03,-4.433607048686562593e-03,1.296533375941714798e-02,1.463839084761192275e-02,1.463839084761192275e-02,1.463839084761192275e-02,1.463839084761192275e-02,1.712796282248883056e-03,-8.415177377622401478e-04,-3.067334687661099624e-03,-7.518024972694853370e-04,2.992673055354878181e-03,1.463839084761192275e-02,1.463839084761192275e-02,1.463839084761192275e-02,1.463839084761192275e-02,1.463839084761192275e-02,7.909540220621482515e-03,-3.910810726437386614e-03,9.360836847553294024e-03,1.638610956811294150e-02,8.270227055413508638e-03,1.463839084761192275e-02,1.463839084761192275e-02,1.463839084761192275e-02,1.463839084761192275e-02,1.463839084761192275e-02,1.463839084761192275e-02,1.463839084761192275e-02,1.463839084761192275e-02,1.463839084761192275e-02,1.463839084761192448e-02,1.463839084761192448e-02,1.463839084761192622e-02,1.463839084761192622e-02
1.463839084761191754e-02,1.463839084761191754e-02,1.463839084761192275e-02,1.463839084761192795e-02,1.463839084761192275e-02,1.463839084761192622e-02,1.463839084761192275e-02,1.463839084761192101e-02,1.463839084761192622e-02,1.463839084761192275e-02,0.000000000000000000e+00,1.463839084761192275e-02,1.463839084761192275e-02,1.463839084761192275e-02,1.463839084761192275e-02,1.020431288632956193e-02,1.463839084761192275e-02,1.463839084761192275e-02,1.463839084761192275e-02,1.463839084761192275e-02,1.463839084761192275e-02,1.463839084761192275e-02,1.463839084761192275e-02,1.318709422068012685e-02,3.475462259339132109e-03,-4.172578305965270185e-03,2.383376838810619472e-03,3.841169605272323762e-03,1.463839084761192275e-02,1.463839084761192275e-02,1.463839084761192275e-02,1.463839084761192275e-02,1.463839084761192275e-02,1.219081343645011736e-02,-5.114550238848415697e-03,6.215829959340470751e-03,3.590131009910263460e-03,-5.429887832916563406e-03,1.463839084761192275e-02,1.463839084761192275e-02,1.463839084761192275e-02,8.270227055413508638e-03,1.219081343645011736e-02,3.529470718559128695e-03,7.667426978399158322e-03,5.963046788765878625e-03,-9.333987927064040305e-03,8.663407370502300420e-03,1.463839084761192275e-02,1.463839084761192275e-02,1.463839084761192275e-02,8.270227055413508638e-03,2.295243578303875036e-03,3.063138145735222473e-04,-3.304553711263383264e-04,-2.295243578303875036e-03,-2.579258070933523883e-03,4.229329409219963892e-03,1.463839084761192275e-02,1.463839084761192275e-02,1.463839084761192275e-02,1.463839084761192275e-02,6.990350282307508309e-03,3.011588555853844662e-03,6.806522827542162146e-03,2.311729865193026812e-03,-4.433607048686562593e-03,1.296533375941714798e-02,1.463839084761192275e-02,1.463839084761192275e-02,1.463839084761192275e-02,1.463839084761192275e-02,1.712796282248883056e-03,-8.415177377622401478e-04,-3.067334687661099624e-03,-7.518024972694853370e-04,2.992673055354878181e-03,1.463839084761192275e-02,1.463839084761192275e-02,1.463839084761192275e-02,1.463839084761192275e-02,1.463839084761192275e-02,7.909540220621482515e-03,-3.910810726437386614e-03,9.360836847553294024e-03,1.638610956811294150e-02,8.270227055413508638e-03,1.463839084761192275e-02,1.463839084761192275e-02,1.463839084761192275e-02,1.463839084761192275e-02,1.463839084761192275e-02,1.463839084761192275e-02,1.463839084761192275e-02,1.463839084761192275e-02,1.463839084761192275e-02,1.463839084761192448e-02,1.463839084761192448e-02,1.463839084761192622e-02,1.463839084761192622e-02
1.463839084761191754e-02,1.463839084761191754e-02,1.463839084761192275e-02,1.463839084761192795e-02,1.463839084761192275e-02,1.463839084761192622e-02,1.463839084761192275e-02,1.463839084761192101e-02,1.463839084761192622e-02,1.463839084761192275e-02,1.463839084761192275e-02,0.000000000000000000e+00,1.463839084761192275e-02,1.463839084761192275e-02,1.463839084761192275e-02,1.020431288632956193e-02,1.463839084761192275e-02,1.463839084761192275e-02,1.463839084761192275e-02,1.463839084761192275e-02,1.463839084761192275e-02,1.463839084761192275e-02,1.463839084761192275e-02,1.318709422068012685e-02,3.475462259339132109e-03,-4.172578305965270185e-03,2.383376838810619472e-03,3.841169605272323762e-03,1.463839084761192275e-02,1.463839084761192275e-02,1.463839084761192275e-02,1.463839084761192275e-02,1.463839084761192275e-02,1.219081343645011736e-02,-5.114550238848415697e-03,6.215829959340470751e-03,3.590131009910263460e-03,-5.429887832916563406e-03,1.463839084761192275e-02,1.463839084761192275e-02,1.463839084761192275e-02,8.270227055413508638e-03,1.219081343645011736e-02,3.529470718559128695e-03,7.667426978399158322e-03,5.963046788765878625e-03,-9.333987927064040305e-03,8.663407370502300420e-03,1.463839084761192275e-02,1.463839084761192275e-02,1.463839084761192275e-02,8.270227055413508638e-03,2.295243578303875036e-03,3.063138145735222473e-04,-3.304553711263383264e-04,-2.295243578303875036e-03,-2.579258070933523883e-03,4.229329409219963892e-03,1.463839084761192275e-02,1.463839084761192275e-02,1.463839084761192275e-02,1.463839084761192275e-02,6.990350282307508309e-03,3.011588555853844662e-03,6.806522827542162146e-03,2.311729865193026812e-03,-4.433607048686562593e-03,1.296533375941714798e-02,1.463839084761192275e-02,1.463839084761192275e-02,1.463839084761192275e-02,1.463839084761192275e-02,1.712796282248883056e-03,-8.415177377622401478e-04,-3.067334687661099624e-03,-7.518024972694853370e-04,2.992673055354878181e-03,1.463839084761192275e-02,1.463839084761192275e-02,1.463839084761192275e-02,1.463839084761192275e-02,1.463839084761192275e-02,7.909540220621482515e-03,-3.910810726437386614e-03,9.360836847553294024e-03,1.638610956811294150e-02,8.270227055413508638e-03,1.463839084761192275e-02,1.463839084761192275e-02,1.463839084761192275e-02,1.463839084761192275e-02,1.463839084761192275e-02,1.463839084761192275e-02,1.463839084761192275e-02,1.463839084761192275e-02,1.463839084761192275e-02,1.463839084761192448e-02,1.463839084761192448e-02,1.463839084761192622e-02,1.463839084761192622e-02
1.463839084761191754e-02,1.463839084761191754e-02,1.463839084761192275e-02,1.463839084761192795e-02,1.463839084761192275e-02,1.463839084761192622e-02,1.463839084761192275e-02,1.463839084761192101e-02,1.463839084761192622e-02,1.463839084761192275e-02,1.463839084761192275e-02,1.463839084761192275e-02,0.000000000000000000e+00,1.463839084761192275e-02,1.463839084761192275e-02,1.020431288632956193e-02,1.463839084761192275e-02,1.463839084761192275e-02,1.463839084761192275e-02,1.463839084761192275e-02,1.463839084761192275e-02,1.463839084761192275e-02,1.463839084761192275e-02,1.318709422068012685e-02,3.475462259339132109e-03,-4.172578305965270185e-03,2.383376838810619472e-03,3.841169605272323762e-03,1.463839084761192275e-02,1.463839084761192275e-02,1.463839084761192275e-02,1.463839084761192275e-02,1.463839084761192275e-02,1.219081343645011736e-02,-5.114550238848415697e-03,6.215829959340470751e-03,3.590131009910263460e-03,-5.429887832916563406e-03,1.463839084761192275e-02,1.463839084761192275e-02,1.463839084761192275e-02,8.270227055413508638e-03,1.219081343645011736e-02,3.529470718559128695e-03,7.667426978399158322e-03,5.963046788765878625e-03,-9.333987927064040305e-03,8.663407370502300420e-03,1.463839084761192275e-02,1.463839084761192275e-02,1.463839084761192275e-02,8.270227055413508638e-03,2.295243578303875036e-03,3.063138145735222473e-04,-3.304553711263383264e-04,-2.295243578303875036e-03,-2.579258070933523883e-03,4.229329409219963892e-03,1.463839084761192275e-02,1.463839084761192275e-02,1.463839084761192275e-02,1.463839084761192275e-02,6.990350282307508309e-03,3.011588555853844662e-03,6.806522827542162146e-03,2.311729865193026812e-03,-4.433607048686562593e-03,1.296533375941714798e-02,1.463839084761192275e-02,1.463839084761192275e-02,1.463839084761192275e-02,1.463839084761192275e-02,1.712796282248883056e-03,-8.415177377622401478e-04,-3.067334687661099624e-03,-7.518024972694853370e-04,2.992673055354878181e-03,1.463839084761192275e-02,1.463839084761192275e-02,1.463839084761192275e-02,1.463839084761192275e-02,1.463839084761192275e-02,7.909540220621482515e-03,-3.910810726437386614e-03,9.360836847553294024e-03,1.638610956811294150e-02,8.270227055413508638e-03,1.463839084761192275e-02,1.463839084761192275e-02,1.463839084761192275e-02,1.463839084761192275e-02,1.463839084761192275e-02,1.463839084761192275e-02,1.463839084761192275e-02,1.463839084761192275e-02,1.463839084761192275e-02,1.463839084761192448e-02,1.463839084761192448e-02,1.463839084761192622e-02,1.463839084761192622e-02
1.463839084761191754e-02,1.463839084761191754e-02,1.463839084761192275e-02,1.463839084761192795e-02,1.463839084761192275e-02,1.463839084761192622e-02,1.463839084761192275e-02,1.463839084761192101e-02,1.463839084761192622e-02,1.463839084761192275e-02,1.463839084761192275e-02,1.463839084761192275e-02,1.463839084761192275e-02,0.000000000000000000e+00,1.463839084761192275e-02,1.020431288632956193e-02,1.463839084761192275e-02,1.463839084761192275e-02,1.463839084761192275e-02,1.463839084761192275e-02,1.463839084761192275e-02,1.463839084761192275e-02,1.463839084761192275e-02,1.318709422068012685e-02,3.475462259339132109e-03,-4.172578305965270185e-03,2.383376838810619472e-03,3.841169605272323762e-03,1.463839084761192275e-02,1.463839084761192275e-02,1.463839084761192275e-02,1.463839084761192275e-02,1.463839084761192275e-02,1.219081343645011736e-02,-5.114550238848415697e-03,6.215829959340470751e-03,3.590131009910263460e-03,-5.429887832916563406e-03,1.463839084761192275e-02,1.463839084761192275e-02,1.463839084761192275e-02,8.270227055413508638e-03,1.219081343645011736e-02,3.529470718559128695e-03,7.667426978399158322e-03,5.963046788765878625e-03,-9.333987927064040305e-03,8.663407370502300420e-03,1.463839084761192275e-02,1.463839084761192275e-02,1.463839084761192275e-02,8.270227055413508638e-03,2.295243578303875036e-03,3.063138145735222473e-04,-3.304553711263383264e-04,-2.295243578303875036e-03,-2.579258070933523883e-03,4.229329409219963892e-03,1.463839084761192275e-02,1.463839084761192275e-02,1.463839084761192275e-02,1.463839084761192275e-02,6.990350282307508309e-03,3.011588555853844662e-03,6.806522827542162146e-03,2.311729865193026812e-03,-4.433607048686562593e-03,1.296533375941714798e-02,1.463839084761192275e-02,1.463839084761192275e-02,1.463839084761192275e-02,1.463839084761192275e-02,1.712796282248883056e-03,-8.415177377622401478e-04,-3.067334687661099624e-03,-7.518024972694853370e-04,2.992673055354878181e-03,1.463839084761192275e-02,1.463839084761192275e-02,1.463839084761192275e-02,1.463839084761192275e-02,1.463839084761192275e-02,7.909540220621482515e-03,-3.910810726437386614e-03,9.360836847553294024e-03,1.638610956811294150e-02,8.270227055413508638e-03,1.463839084761192275e-02,1.463839084761192275e-02,1.463839084761192275e-02,1.463839084761192275e-02,1.463839084761192275e-02,1.463839084761192275e-02,1.463839084761192275e-02,1.463839084761192275e-02,1.463839084761192275e-02,1.463839084761192448e-02,1.463839084761192448e-02,1.463839084761192622e-02,1.463839084761192622e-02
1.463839084761191754e-02,1.463839084761191754e-02,1.463839084761192275e-02,1.463839084761192795e-02,1.463839084761192275e-02,1.463839084761192622e-02,1.463839084761192275e-02,1.463839084761192101e-02,1.463839084761192622e-02,1.463839084761192275e-02,1.463839084761192275e-02,1.463839084761192275e-02,1.463839084761192275e-02,1.463839084761192275e-02,0.000000000000000000e+00,1.020431288632956193e-02,1.463839084761192275e-02,1.463839084761192275e-02,1.463839084761192275e-02,1.463839084761192275e-02,1.463839084761192275e-02,1.463839084761192275e-02,1.463839084761192275e-02,1.318709422068012685e-02,3.475462259339132109e-03,-4.172578305965270185e-03,2.383376838810619472e-03,3.841169605272323762e-03,1.463839084761192275e-02,1.463839084761192275e-02,1.463839084761192275e-02,1.463839084761192275e-02,1.463839084761192275e-02,1.219081343645011736e-02,-5.114550238848415697e-03,6.215829959340470751e-03,3.590131009910263460e-03,-5.429887832916563406e-03,1.463839084761192275e-02,1.463839084761192275e-02,1.463839084761192275e-02,8.270227055413508638e-03,1.219081343645011736e-02,3.529470718559128695e-03,7.667426978399158322e-03,5.963046788765878625e-03,-9.333987927064040305e-03,8.663407370502300420e-03,1.463839084761192275e-02,1.463839084761192275e-02,1.463839084761192275e-02,8.270227055413508638e-03,2.295243578303875036e-03,3.063138145735222473e-04,-3.304553711263383264e-04,-2.295243578303875036e-03,-2.579258070933523883e-03,4.229329409219963892e-03,1.463839084761192275e-02,1.463839084761192275e-02,1.463839084761192275e-02,1.463839084761192275e-02,6.990350282307508309e-03,3.011588555853844662e-03,6.806522827542162146e-03,2.311729865193026812e-03,-4.433607048686562593e-03,1.296533375941714798e-02,1.463839084761192275e-02,1.463839084761192275e-02,1.463839084761192275e-02,1.463839084761192275e-02,1.712796282248883056e-03,-8.415177377622401478e-04,-3.067334687661099624e-03,-7.518024972694853370e-04,2.992673055354878181e-03,1.463839084761192275e-02,1.463839084761192275e-02,1.463839084761192275e-02,1.463839084761192275e-02,1.463839084761192275e-02,7.909540220621482515e-03,-3.910810726437386614e-03,9.360836847553294024e-03,1.638610956811294150e-02,8.270227055413508638e-03,1.463839084761192275e-02,1.463839084761192275e-02,1.463839084761192275e-02,1.463839084761192275e-02,1.463839084761192275e-02,1.463839084761192275e-02,1.463839084761192275e-02,1.463839084761192275e-02,1.463839084761192275e-02,1.463839084761192448e-02,1.463839084761192448e-02,1.463839084761192622e-02,1.463839084761192622e-02
1.020431288632994878e-02,1.020431288632991408e-02,1.020431288632987071e-02,1.020431288632986204e-02,1.020431288632978745e-02,1.020431288632980826e-02,1.020431288632979439e-02,1.020431288632987592e-02,1.020431288632983602e-02,1.020431288632985337e-02,1.020431288632985337e-02,1.020431288632985337e-02,1.020431288632985337e-02,1.020431288632985337e-02,1.020431288632985337e-02,0.000000000000000000e+00,1.020431288632985337e-02,1.020431288632985337e-02,1.020431288632985337e-02,1.020431288632985337e-02,1.020431288632985337e-02,1.020431288632985337e-02,1.020431288632985337e-02,-1.938732142946153827e-02,1.297118952684627735e-01,7.754305347599649290e-02,-3.298130797104440598e-02,-4.104969075495919217e-02,1.020431288632985337e-02,1.020431288632985337e-02,1.020431288632985337e-02,1.020431288632985337e-02,1.020431288632985337e-02,1.974343802173724946e-02,-4.925270232367690015e-02,-2.364657200367208806e-02,-7.717556831997636480e-02,-1.355318670766768319e-02,1.020431288632985337e-02,1.020431288632985337e-02,1.020431288632985337e-02,1.067784707279346990e-02,1.974343802173724946e-02,4.999161851000140377e-02,-8.026117618029138256e-02,-1.209468661361654679e-02,3.382232731352823041e-02,-3.318569713907945640e-02,1.020431288632985337e-02,1.020431288632985337e-02,1.020431288632985337e-02,1.067784707279346990e-02,-3.271216295261584334e-02,9.393588869600771885e-02,-8.624115926892014783e-02,3.271216295261584334e-02,-8.533642765106791428e-03,1.062936684493041573e-01,1.020431288632985337e-02,1.020431288632985337e-02,1.020431288632985337e-02,1.020431288632985337e-02,-4.196452890613648623e-02,8.003099195682659983e-02,1.177648278652262681e-01,2.372894201752383941e-02,-5.268394615886645704e-02,1.425481119272849553e-03,1.020431288632985337e-02,1.020431288632985337e-02,1.020431288632985337e-02,1.020431288632985337e-02,-3.234467779659570830e-02,6.559598607275991811e-02,5.432230865943291076e-02,2.048071016834339397e-02,2.029769818233426865e-02,1.020431288632985337e-02,1.020431288632985337e-02,1.020431288632985337e-02,1.020431288632985337e-02,1.020431288632985337e-02,-9.767470319920762076e-03,-7.553720581940988332e-02,1.982416399587064865e-02,-5.563686218838025110e-02,1.067784707279346990e-02,1.020431288632985337e-02,1.020431288632985337e-02,1.020431288632985337e-02,1.020431288632985337e-02,1.020431288632985337e-02,1.020431288632985337e-02,1.020431288632985337e-02,1.020431288632985337e-02,1.020431288632985337e-02,1.020431288632985510e-02,1.020431288632985510e-02,1.020431288632985684e-02,1.020431288632985684e-02
1.463839084761191754e-02,1.463839084761191754e-02,1.463839084761192275e-02,1.463839084761192795e-02,1.463839084761192275e-02,1.463839084761192622e-02,1.463839084761192275e-02,1.463839084761192101e-02,1.463839084761192622e-02,1.463839084761192275e-02,1.463839084761192275e-02,1.463839084761192275e-02,1.463839084761192275e-02,1.463839084761192275e-02,1.463839084761192275e-02,1.020431288632956193e-02,0.000000000000000000e+00,1.463839084761192275e-02,1.463839084761192275e-02,1.463839084761192275e-02,1.463839084761192275e-02,1.463839084761192275e-02,1.463839084761192275e-02,1.318709422068012685e-02,3.475462259339132109e-03,-4.172578305965270185e-03,2.383376838810619472e-03,3.841169605272323762e-03,1.463839084761192275e-02,1.463839084761192275e-02,1.463839084761192275e-02,1.463839084761192275e-02,1.463839084761192275e-02,1.219081343645011736e-02,-5.114550238848415697e-03,6.215829959340470751e-03,3.590131009910263460e-03,-5.429887832916563406e-03,1.463839084761192275e-02,1.463839084761192275e-02,1.463839084761192275e-02,8.270227055413508638e-03,1.219081343645011736e-02,3.529470718559128695e-03,7.667426978399158322e-03,5.963046788765878625e-03,-9.333987927064040305e-03,8.663407370502300420e-03,1.463839084761192275e-02,1.463839084761192275e-02,1.463839084761192275e-02,8.270227055413508638e-03,2.295243578303875036e-03,3.063138145735222473e-04,-3.304553711263383264e-04,-2.295243578303875036e-03,-2.579258070933523883e-03,4.229329409219963892e-03,1.463839084761192275e-02,1.463839084761192275e-02,1.463839084761192275e-02,1.463839084761192275e-02,6.990350282307508309e-03,3.011588555853844662e-03,6.806522827542162146e-03,2.311729865193026812e-03,-4.433607048686562593e-03,1.296533375941714798e-02,1.463839084761192275e-02,1.463839084761192275e-02,1.463839084761192275e-02,1.463839084761192275e-02,1.712796282248883056e-03,-8.415177377622401478e-04,-3.067334687661099624e-03,-7.518024972694853370e-04,2.992673055354878181e-03,1.463839084761192275e-02,1.463839084761192275e-02,1.463839084761192275e-02,1.463839084761192275e-02,1.463839084761192275e-02,7.909540220621482515e-03,-3.910810726437386614e-03,9.360836847553294024e-03,1.638610956811294150e-02,8.270227055413508638e-03,1.463839084761192275e-02,1.463839084761192275e-02,1.463839084761192275e-02,1.463839084761192275e-02,1.463839084761192275e-02,1.463839084761192275e-02,1.463839084761192275e-02,1.463839084761192275e-02,1.463839084761192275e-02,1.463839084761192448e-02,1.463839084761192448e-02,1.463839084761192622e-02,1.463839084761192622e-02
1.463839084761191754e-02,1.463839084761191754e-02,1.463839084761192275e-02,1.463839084761192795e-02,1.463839084761192275e-02,1.463839084761192622e-02,1.463839084761192275e-02,1.463839084761192101e-02,1.463839084761192622e-02,1.463839084761192275e-02,1.463839084761192275e-02,1.463839084761192275e-02,1.463839084761192275e-02,1.463839084761192275e-02,1.463839084761192275e-02,1.020431288632956193e-02,1.463839084761192275e-02,0.000000000000000000e+00,1.463839084761192275e-02,1.463839084761192275e-02,1.463839084761192275e-02,1.463839084761192275e-02,1.463839084761192275e-02,1.318709422068012685e-02,3.475462259339132109e-03,-4.172578305965270185e-03,2.383376838810619472e-03,3.841169605272323762e-03,1.463839084761192275e-02,1.463839084761192275e-02,1.463839084761192275e-02,1.463839084761192275e-02,1.463839084761192275e-02,1.219081343645011736e-02,-5.114550238848415697e-03,6.215829959340470751e-03,3.590131009910263460e-03,-5.429887832916563406e-03,1.463839084761192275e-02,1.463839084761192275e-02,1.463839084761192275e-02,8.270227055413508638e-03,1.219081343645011736e-02,3.529470718559128695e-03,7.667426978399158322e-03,5.963046788765878625e-03,-9.333987927064040305e-03,8.663407370502300420e-03,1.463839084761192275e-02,1.463839084761192275e-02,1.463839084761192275e-02,8.270227055413508638e-03,2.295243578303875036e-03,3.063138145735222473e-04,-3.304553711263383264e-04,-2.295243578303875036e-03,-2.579258070933523883e-03,4.229329409219963892e-03,1.463839084761192275e-02,1.463839084761192275e-02,1.463839084761192275e-02,1.463839084761192275e-02,6.990350282307508309e-03,3.011588555853844662e-03,6.806522827542162146e-03,2.311729865193026812e-03,-4.433607048686562593e-03,1.296533375941714798e-02,1.463839084761192275e-02,1.463839084761192275e-02,1.463839084761192275e-02,1.463839084761192275e-02,1.712796282248883056e-03,-8.415177377622401478e-04,-3.067334687661099624e-03,-7.518024972694853370e-04,2.992673055354878181e-03,1.463839084761192275e-02,1.463839084761192275e-02,1.463839084761192275e-02,1.463839084761192275e-02,1.463839084761192275e-02,7.909540220621482515e-03,-3.910810726437386614e-03,9.360836847553294024e-03,1.638610956811294150e-02,8.270227055413508638e-03,1.463839084761192275e-02,1.463839084761192275e-02,1.463839084761192275e-02,1.463839084761192275e-02,1.463839084761192275e-02,1.463839084761192275e-02,1.463839084761192275e-02,1.463839084761192275e-02,1.463839084761192275e-02,1.463839084761192448e-02,1.463839084761192448e-02,1.463839084761192622e-02,1.463839084761192622e-02
1.463839084761191754e-02,1.463839084761191754e-02,1.463839084761192275e-02,1.463839084761192795e-02,1.463839084761192275e-02,1.463839084761192622e-02,1.463839084761192275e-02,1.463839084761192101e-02,1.463839084761192622e-02,1.463839084761192275e-02,1.463839084761192275e-02,1.463839084761192275e-02,1.463839084761192275e-02,1.463839084761192275e-02,1.463839084761192275e-02,1.020431288632956193e-02,1.463839084761192275e-02,1.463839084761192275e-02,0.000000000000000000e+00,1.463839084761192275e-02,1.463839084761192275e-02,1.463839084761192275e-02,1.463839084761192275e-02,1.318709422068012685e-02,3.475462259339132109e-03,-4.172578305965270185e-03,2.383376838810619472e-03,3.841169605272323762e-03,1.463839084761192275e-02,1.463839084761192275e-02,1.463839084761192275e-02,1.463839084761192275e-02,1.463839084761192275e-02,1.219081343645011736e-02,-5.114550238848415697e-03,6.215829959340470751e-03,3.590131009910263460e-03,-5.429887832916563406e-03,1.463839084761192275e-02,1.463839084761192275e-02,1.463839084761192275e-02,8.270227055413508638e-03,1.219081343645011736e-02,3.529470718559128695e-03,7.667426978399158322e-03,5.963046788765878625e-03,-9.333987927064040305e-03,8.663407370502300420e-03,1.463839084761192275e-02,1.463839084761192275e-02,1.463839084761192275e-02,8.270227055413508638e-03,2.295243578303875036e-03,3.063138145735222473e-04,-3.304553711263383264e-04,-2.295243578303875036e-03,-2.579258070933523883e-03,4.229329409219963892e-03,1.463839084761192275e-02,1.463839084761192275e-02,1.463839084761192275e-02,1.463839084761192275e-02,6.990350282307508309e-03,3.011588555853844662e-03,6.806522827542162146e-03,2.311729865193026812e-03,-4.433607048686562593e-03,1.296533375941714798e-02,1.463839084761192275e-02,1.463839084761192275e-02,1.463839084761192275e-02,1.463839084761192275e-02,1.712796282248883056e-03,-8.415177377622401478e-04,-3.067334687661099624e-03,-7.518024972694853370e-04,2.992673055354878181e-03,1.463839084761192275e-02,1.463839084761192275e-02,1.463839084761192275e-02,1.463839084761192275e-02,1.463839084761192275e-02,7.909540220621482515e-03,-3.910810726437386614e-03,9.360836847553294024e-03,1.638610956811294150e-02,8.270227055413508638e-03,1.463839084761192275e-02,1.463839084761192275e-02,1.463839084761192275e-02,1.463839084761192275e-02,1.463839084761192275e-02,1.463839084761192275e-02,1.463839084761192275e-02,1.463839084761192275e-02,1.463839084761192275e-02,1.463839084761192448e-02,1.463839084761192448e-02,1.463839084761192622e-02,1.463839084761192622e-02
1.463839084761191754e-02,1.463839084761191754e-02,1.463839084761192275e-02,1.463839084761192795e-02,1.463839084761192275e-02,1.463839084761192622e-02,1.463839084761192275e-02,1.463839084761192101e-02,1.463839084761192622e-02,1.463839084761192275e-02,1.463839084761192275e-02,1.463839084761192275e-02,1.463839084761192275e-02,1.463839084761192275e-02,1.463839084761192275e-02,1.020431288632956193e-02,1.463839084761192275e-02,1.463839084761192275e-02,1.463839084761192275e-02,0.000000000000000000e+00,1.463839084761192275e-02,1.463839084761192275e-02,1.463839084761192275e-02,1.318709422068012685e-02,3.475462259339132109e-03,-4.172578305965270185e-03,2.383376838810619472e-03,3.841169605272323762e-03,1.463839084761192275e-02,1.463839084761192275e-02,1.463839084761192275e-02,1.463839084761192275e-02,1.463839084761192275e-02,1.219081343645011736e-02,-5.114550238848415697e-03,6.215829959340470751e-03,3.590131009910263460e-03,-5.429887832916563406e-03,1.463839084761192275e-02,1.463839084761192275e-02,1.463839084761192275e-02,8.270227055413508638e-03,1.219081343645011736e-02,3.529470718559128695e-03,7.667426978399158322e-03,5.963046788765878625e-03,-9.333987927064040305e-03,8.663407370502300420e-03,1.463839084761192275e-02,1.463839084761192275e-02,1.463839084761192275e-02,8.270227055413508638e-03,2.295243578303875036e-03,3.063138145735222473e-04,-3.304553711263383264e-04,-2.295243578303875036e-03,-2.579258070933523883e-03,4.229329409219963892e-03,1.463839084761192275e-02,1.463839084761192275e-02,1.463839084761192275e-02,1.463839084761192275e-02,6.990350282307508309e-03,3.011588555853844662e-03,6.806522827542162146e-03,2.311729865193026812e-03,-4.433607048686562593e-03,1.296533375941714798e-02,1.463839084761192275e-02,1.463839084761192275e-02,1.463839084761192275e-02,1.463839084761192275e-02,1.712796282248883056e-03,-8.415177377622401478e-04,-3.067334687661099624e-03,-7.518024972694853370e-04,2.992673055354878181e-03,1.463839084761192275e-02,1.463839084761192275e-02,1.463839084761192275e-02,1.463839084761192275e-02,1.463839084761192275e-02,7.909540220621482515e-03,-3.910810726437386614e-03,9.360836847553294024e-03,1.638610956811294150e-02,8.270227055413508638e-03,1.463839084761192275e-02,1.463839084761192275e-02,1.463839084761192275e-02,1.463839084761192275e-02,1.463839084761192275e-02,1.463839084761192275e-02,1.463839084761192275e-02,1.463839084761192275e-02,1.463839084761192275e-02,1.463839084761192448e-02,1.463839084761192448e-02,1.463839084761192622e-02,1.463839084761192622e-02
1.463839084761191754e-02,1.463839084761191754e-02,1.463839084761192275e-02,1.463839084761192795e-02,1.463839084761192275e-02,1.463839084761192622e-02,1.463839084761192275e-02,1.463839084761192101e-02,1.463839084761192622e-02,1.463839084761192275e-02,1.463839084761192275e-02,1.463839084761192275e-02,1.463839084761192275e-02,1.463839084761192275e-02,1.463839084761192275e-02,1.020431288632956193e-02,1.463839084761192275e-02,1.463839084761192275e-02,1.463839084761192275e-02,1.463839084761192275e-02,0.000000000000000000e+00,1.463839084761192275e-02,1.463839084761192275e-02,1.318709422068012685e-02,3.475462259339132109e-03,-4.172578305965270185e-03,2.383376838810619472e-03,3.841169605272323762e-03,1.463839084761192275e-02,1.463839084761192275e-02,1.463839084761192275e-02,1.463839084761192275e-02,1.463839084761192275e-02,1.219081343645011736e-02,-5.114550238848415697e-03,6.215829959340470751e-03,3.590131009910263460e-03,-5.429887832916563406e-03,1.463839084761192275e-02,1.463839084761192275e-02,1.463839084761192275e-02,8.270227055413508638e-03,1.219081343645011736e-02,3.529470718559128695e-03,7.667426978399158322e-03,5.963046788765878625e-03,-9.333987927064040305e-03,8.663407370502300420e-03,1.463839084761192275e-02,1.463839084761192275e-02,1.463839084761192275e-02,8.270227055413508638e-03,2.295243578303875036e-03,3.063138145735222473e-04,-3.304553711263383264e-04,-2.295243578303875036e-03,-2.579258070933523883e-03,4.229329409219963892e-03,1.463839084761192275e-02,1.463839084761192275e-02,1.463839084761192275e-02,1.463839084761192275e-02,6.990350282307508309e-03,3.011588555853844662e-03,6.806522827542162146e-03,2.311729865193026812e-03,-4.433607048686562593e-03,1.296533375941714798e-02,1.463839084761192275e-02,1.463839084761192275e-02,1.463839084761192275e-02,1.463839084761192275e-02,1.712796282248883056e-03,-8.415177377622401478e-04,-3.067334687661099624e-03,-7.518024972694853370e-04,2.992673055354878181e-03,1.463839084761192275e-02,1.463839084761192275e-02,1.463839084761192275e-02,1.463839084761192275e-02,1.463839084761192275e-02,7.909540220621482515e-03,-3.910810726437386614e-03,9.360836847553294024e-03,1.638610956811294150e-02,8.270227055413508638e-03,1.463839084761192275e-02,1.463839084761192275e-02,1.463839084761192275e-02,1.463839084761192275e-02,1.463839084761192275e-02,1.463839084761192275e-02,1.463839084761192275e-02,1.463839084761192275e-02,1.463839084761192275e-02,1.463839084761192448e-02,1.463839084761192448e-02,1.463839084761192622e-02,1.463839084761192622e-02
1.463839084761191754e-02,1.463839084761191754e-02,1.463839084761192275e-02,1.463839084761192795e-02,1.463839084761192275e-02,1.463839084761192622e-02,1.463839084761192275e-02,1.463839084761192101e-02,1.463839084761192622e-02,1.463839084761192275e-02,1.463839084761192275e-02,1.463839084761192275e-02,1.463839084761192275e-02,1.463839084761192275e-02,1.463839084761192275e-02,1.020431288632956193e-02,1.463839084761192275e-02,1.463839084761192275e-02,1.463839084761192275e-02,1.463839084761192275e-02,1.463839084761192275e-02,0.000000000000000000e+00,1.463839084761192275e-02,1.318709422068012685e-02,3.475462259339132109e-03,-4.172578305965270185e-03,2.383376838810619472e-03,3.841169605272323762e-03,1.463839084761192275e-02,1.463839084761192275e-02,1.463839084761192275e-02,1.463839084761192275e-02,1.463839084761192275e-02,1.219081343645011736e-02,-5.114550238848415697e-03,6.215829959340470751e-03,3.590131009910263460e-03,-5.429887832916563406e-03,1.463839084761192275e-02,1.463839084761192275e-02,1.463839084761192275e-02,8.270227055413508638e-03,1.219081343645011736e-02,3.529470718559128695e-03,7.667426978399158322e-03,5.963046788765878625e-03,-9.333987927064040305e-03,8.663407370502300420e-03,1.463839084761192275e-02,1.463839084761192275e-02,1.463839084761192275e-02,8.270227055413508638e-03,2.295243578303875036e-03,3.063138145735222473e-04,-3.304553711263383264e-04,-2.295243578303875036e-03,-2.579258070933523883e-03,4.229329409219963892e-03,1.463839084761192275e-02,1.463839084761192275e-02,1.463839084761192275e-02,1.463839084761192275e-02,6.990350282307508309e-03,3.011588555853844662e-03,6.806522827542162146e-03,2.311729865193026812e-03,-4.433607048686562593e-03,1.296533375941714798e-02,1.463839084761192275e-02,1.463839084761192275e-02,1.463839084761192275e-02,1.463839084761192275e-02,1.712796282248883056e-03,-8.415177377622401478e-04,-3.067334687661099624e-03,-7.518024972694853370e-04,2.992673055354878181e-03,1.463839084761192275e-02,1.463839084761192275e-02,1.463839084761192275e-02,1.463839084761192275e-02,1.463839084761192275e-02,7.909540220621482515e-03,-3.910810726437386614e-03,9.360836847553294024e-03,1.638610956811294150e-02,8.270227055413508638e-03,1.463839084761192275e-02,1.463839084761192275e-02,1.463839084761192275e-02,1.463839084761192275e-02,1.463839084761192275e-02,1.463839084761192275e-02,1.463839084761192275e-02,1.463839084761192275e-02,1.463839084761192275e-02,1.463839084761192448e-02,1.463839084761192448e-02,1.463839084761192622e-02,1.463839084761192622e-02
1.463839084761191754e-02,1.463839084761191754e-02,1.463839084761192275e-02,1.463839084761192795e-02,1.463839084761192275e-02,1.463839084761192622e-02,1.463839084761192275e-02,1.463839084761192101e-02,1.463839084761192622e-02,1.463839084761192275e-02,1.463839084761192275e-02,1.463839084761192275e-02,1.463839084761192275e-02,1.463839084761192275e-02,1.463839084761192275e-02,1.020431288632956193e-02,1.463839084761192275e-02,1.463839084761192275e-02,1.463839084761192275e-02,1.463839084761192275e-02,1.463839084761192275e-02,1.463839084761192275e-02,0.000000000000000000e+00,1.318709422068012685e-02,3.475462259339132109e-03,-4.172578305965270185e-03,2.383376838810619472e-03,3.841169605272323762e-03,1.463839084761192275e-02,1.463839084761192275e-02,1.463839084761192275e-02,1.463839084761192275e-02,1.463839084761192275e-02,1.219081343645011736e-02,-5.114550238848415697e-03,6.215829959340470751e-03,3.590131009910263460e-03,-5.429887832916563406e-03,1.463839084761192275e-02,1.463839084761192275e-02,1.463839084761192275e-02,8.270227055413508638e-03,1.219081343645011736e-02,3.529470718559128695e-03,7.667426978399158322e-03,5.963046788765878625e-03,-9.333987927064040305e-03,8.663407370502300420e-03,1.463839084761192275e-02,1.463839084761192275e-02,1.463839084761192275e-02,8.270227055413508638e-03,2.295243578303875036e-03,3.063138145735222473e-04,-3.304553711263383264e-04,-2.295243578303875036e-03,-2.579258070933523883e-03,4.229329409219963892e-03,1.463839084761192275e-02,1.463839084761192275e-02,1.463839084761192275e-02,1.463839084761192275e-02,6.990350282307508309e-03,3.011588555853844662e-03,6.806522827542162146e-03,2.311729865193026812e-03,-4.433607048686562593e-03,1.296533375941714798e-02,1.463839084761192275e-02,1.463839084761192275e-02,1.463839084761192275e-02,1.463839084761192275e-02,1.712796282248883056e-03,-8.415177377622401478e-04,-3.067334687661099624e-03,-7.518024972694853370e-04,2.992673055354878181e-03,1.463839084761192275e-02,1.463839084761192275e-02,1.463839084761192275e-02,1.463839084761192275e-02,1.463839084761192275e-02,7.909540220621482515e-03,-3.910810726437386614e-03,9.360836847553294024e-03,1.638610956811294150e-02,8.270227055413508638e-03,1.463839084761192275e-02,1.463839084761192275e-02,1.463839084761192275e-02,1.463839084761192275e-02,1.463839084761192275e-02,1.463839084761192275e-02,1.463839084761192275e-02,1.463839084761192275e-02,1.463839084761192275e-02,1.463839084761192448e-02,1.463839084761192448e-02,1.463839084761192622e-02,1.463839084761192622e-02
1.318709422067986144e-02,1.318709422067966021e-02,1.318709422067988399e-02,1.318709422067980593e-02,1.318709422067982848e-02,1.318709422067983542e-02,1.318709422067983195e-02,1.318709422067981633e-02,1.318709422067983195e-02,1.318709422067982848e-02,1.318709422067982848e-02,1.318709422067982848e-02,1.318709422067982848e-02,1.318709422067982848e-02,1.318709422067982848e-02,-1.938732142946208992e-02,1.318709422067982848e-02,1.318709422067982848e-02,1.318709422067982848e-02,1.318709422067982848e-02,1.318709422067982848e-02,1.318709422067982848e-02,1.318709422067982848e-02,0.000000000000000000e+00,6.000838470355539245e-02,2.499630739462651435e-02,3.323196762493474399e-02,-3.745463778808991173e-02,1.318709422067982848e-02,1.318709422067982848e-02,1.318709422067982848e-02,1.318709422067982848e-02,1.318709422067982848e-02,-9.125978778245325690e-03,6.518949979253377269e-02,-4.270055474498059278e-02,-7.304335293716371358e-02,-9.673839333836048437e-02,1.318709422067982848e-02,1.318709422067982848e-02,1.318709422067982848e-02,9.472947024161661178e-03,-9.125978778245325690e-03,-6.277435578324383481e-02,1.425884511386510123e-01,-6.179339320792359702e-02,-8.499316036399010010e-02,-2.038748174605541780e-02,1.318709422067982848e-02,1.318709422067982848e-02,1.318709422067982848e-02,9.472947024161661178e-03,-2.410162894257359897e-02,-6.092454541096335718e-02,-5.444442713475671630e-02,2.410162894257359897e-02,6.511807881606038184e-02,-5.296189739619733272e-02,1.318709422067982848e-02,1.318709422067982848e-02,1.318709422067982848e-02,1.318709422067982848e-02,-2.182498308824901839e-02,-2.114286338356365091e-02,-4.404411746120375643e-02,-3.095532177061015300e-02,5.529407719044385217e-02,1.174959287848624349e-02,1.318709422067982848e-02,1.318709422067982848e-02,1.318709422067982848e-02,1.318709422067982848e-02,-7.214867448511072534e-02,-7.905619477013262064e-02,2.978763110301502551e-02,3.893442334869877397e-02,-4.085074437270010128e-02,1.318709422067982848e-02,1.318709422067982848e-02,1.318709422067982848e-02,1.318709422067982848e-02,1.318709422067982848e-02,9.258280035369728656e-02,1.203835535629515369e-02,-3.713659717618192357e-02,2.568770883255848403e-02,9.472947024161661178e-03,1.318709422067982848e-02,1.318709422067982848e-02,1.318709422067982848e-02,1.318709422067982848e-02,1.318709422067982848e-02,1.318709422067982848e-02,1.318709422067982848e-02,1.318709422067982848e-02,1.318709422067982848e-02,1.318709422067983021e-02,1.318709422067983021e-02,1.318709422067982848e-02,1.318709422067982848e-02
3.475462259338789068e-03,3.475462259338701464e-03,3.475462259338682382e-03,3.475462259338693658e-03,3.475462259338599549e-03,3.475462259338614295e-03,3.475462259338597815e-03,3.475462259338675877e-03,3.475462259338639448e-03,3.475462259338658096e-03,3.475462259338656795e-03,3.475462259338656795e-03,3.475462259338656795e-03,3.475462259338656795e-03,3.475462259338656795e-03,1.297118952684622739e-01,3.475462259338656795e-03,3.475462259338656795e-03,3.475462259338656795e-03,3.475462259338656795e-03,3.475462259338656795e-03,3.475462259338656795e-03,3.475462259338656795e-03,6.000838470355530224e-02,0.000000000000000000e+00,1.661172941629352751e-01,2.787361389488848817e-02,2.419039149262999788e-02,3.475462259338656795e-03,3.475462259338656795e-03,3.475462259338656795e-03,3.475462259338656795e-03,3.475462259338656795e-03,3.589724266188146912e-03,-4.110941510113888531e-02,-6.784589319298497956e-02,-8.615261542989807730e-02,-1.820469309226148413e-02,3.475462259338656795e-03,3.475462259338656795e-03,3.475462259338656795e-03,-2.518112256426906920e-02,3.589724266188146912e-03,-1.306979083941386260e-02,2.425529012515373339e-03,1.218314423370668240e-02,2.343448001454111196e-02,-6.796015519983446274e-02,3.475462259338656795e-03,3.475462259338656795e-03,3.475462259338656795e-03,-2.518112256426906920e-02,-9.661674002344219914e-02,1.078927647136332657e-01,-1.149234622603552830e-01,9.661674002344219914e-02,8.277415579622661446e-02,5.827627780928912316e-02,3.475462259338656795e-03,3.475462259338656795e-03,3.475462259338656795e-03,3.475462259338656795e-03,-9.494984621473612219e-02,4.513934856252066474e-02,6.012179231849905381e-02,-2.620672008618238347e-02,3.821396734510566079e-02,-2.351422875556301306e-02,3.475462259338656795e-03,3.475462259338656795e-03,3.475462259338656795e-03,3.475462259338656795e-03,-1.665206129040493546e-02,-3.830351615557581885e-02,4.533335931039203515e-02,1.216466545222844864e-01,5.311666236006216957e-02,3.475462259338656795e-03,3.475462259338656795e-03,3.475462259338656795e-03,3.475462259338656795e-03,3.475462259338656795e-03,1.383061696278865549e-01,-2.605288774400311980e-03,8.177324718366990597e-02,-6.798486839621382949e-02,-2.518112256426906920e-02,3.475462259338658530e-03,3.475462259338658530e-03,3.475462259338658530e-03,3.475462259338658530e-03,3.475462259338658530e-03,3.475462259338658530e-03,3.475462259338658530e-03,3.475462259338658530e-03,3.475462259338658530e-03,3.475462259338664168e-03,3.475462259338661566e-03,3.475462259338662433e-03,3.475462259338662433e-03
-4.172578305965891216e-03,-4.172578305965957135e-03,-4.172578305965886879e-03,-4.172578305965886011e-03,-4.172578305965995299e-03,-4.172578305965941523e-03,-4.172578305965990962e-03,-4.172578305965922441e-03,-4.172578305965951063e-03,-4.172578305965929379e-03,-4.172578305965930247e-03,-4.172578305965930247e-03,-4.172578305965930247e-03,-4.172578305965930247e-03,-4.172578305965930247e-03,7.754305347599609044e-02,-4.172578305965930247e-03,-4.172578305965930247e-03,-4.172578305965930247e-03,-4.172578305965930247e-03,-4.172578305965930247e-03,-4.172578305965930247e-03,-4.172578305965930247e-03,2.499630739462581006e-02,1.661172941629351085e-01,0.000000000000000000e+00,1.327417658809092460e-01,1.662053021535297992e-03,-4.172578305965930247e-03,-4.172578305965930247e-03,-4.172578305965930247e-03,-4.172578305965930247e-03,-4.172578305965930247e-03,-3.717980820017899313e-02,4.298900021322511061e-02,-1.914204288509317037e-02,-8.134901980833296464e-02,-3.137372582086558892e-03,-4.172578305965930247e-03,-4.172578305965930247e-03,-4.172578305965930247e-03,-4.757326298930663472e-02,-3.717980820017899313e-02,-1.773259222363656254e-02,-2.857441626422027592e-02,-5.315903918873052247e-02,1.178701950055417898e-02,1.386518700911988644e-02,-4.172578305965930247e-03,-4.172578305965930247e-03,-4.172578305965930247e-03,-4.757326298930663472e-02,-2.953549767422080502e-02,1.324154265849723788e-02,-9.174247459746058542e-02,2.953549767422080502e-02,9.311717819853544686e-02,9.558081879108192014e-02,-4.172578305965930247e-03,-4.172578305965930247e-03,-4.172578305965930247e-03,-4.172578305965930247e-03,9.898861740423602062e-02,1.090957602122661213e-01,-3.084876239311584029e-02,-4.217650802452441172e-03,5.903874301271823388e-02,8.095085208915017705e-02,-4.172578305965930247e-03,-4.172578305965930247e-03,-4.172578305965930247e-03,-4.172578305965930247e-03,1.583939723905833097e-01,7.231243331708608890e-02,-1.664934127165136613e-02,1.038488783575155505e-01,1.183209199704067342e-02,-4.172578305965930247e-03,-4.172578305965930247e-03,-4.172578305965930247e-03,-4.172578305965930247e-03,-4.172578305965930247e-03,8.440166238097314422e-02,-3.895961806726602750e-02,5.523277668038138744e-02,-8.447875942647133096e-02,-4.757326298930663472e-02,-4.172578305965928512e-03,-4.172578305965928512e-03,-4.172578305965928512e-03,-4.172578305965928512e-03,-4.172578305965928512e-03,-4.172578305965928512e-03,-4.172578305965928512e-03,-4.172578305965928512e-03,-4.172578305965928512e-03,-4.172578305965927645e-03,-4.172578305965930247e-03,-4.172578305965930247e-03,-4.172578305965930247e-03
2.383376838809824101e-03,2.383376838809615067e-03,2.383376838809833208e-03,2.383376838809841882e-03,2.383376838809751243e-03,2.383376838809818030e-03,2.383376838809742569e-03,2.383376838809792009e-03,2.383376838809766855e-03,2.383376838809792009e-03,2.383376838809793310e-03,2.383376838809793310e-03,2.383376838809793310e-03,2.383376838809793310e-03,2.383376838809793310e-03,-3.298130797104514844e-02,2.383376838809793310e-03,2.383376838809793310e-03,2.383376838809793310e-03,2.383376838809793310e-03,2.383376838809793310e-03,2.383376838809793310e-03,2.383376838809793310e-03,3.323196762493380030e-02,2.787361389488804062e-02,1.327417658809090517e-01,0.000000000000000000e+00,-9.938245187111630075e-02,2.383376838809793310e-03,2.383376838809793310e-03,2.383376838809793310e-03,2.383376838809793310e-03,2.383376838809793310e-03,-3.700114800130567538e-02,-9.855659798495045032e-02,-1.949146360903025732e-02,4.863753369670122118e-02,-5.349963343327662768e-02,2.383376838809793310e-03,2.383376838809793310e-03,2.383376838809793310e-03,-6.163112406524572789e-02,-3.700114800130567538e-02,-8.499149657508478506e-02,-9.854019216480142118e-02,3.079893909927071058e-02,-1.809230429875962887e-01,1.989306123108522048e-02,2.383376838809793310e-03,2.383376838809793310e-03,2.383376838809793310e-03,-6.163112406524572789e-02,-4.412143967297030983e-02,-9.712482595149118936e-02,2.400755763276117560e-02,4.412143967297030983e-02,4.719774055431753129e-02,-1.547162357876968874e-02,2.383376838809793310e-03,2.383376838809793310e-03,2.383376838809793310e-03,2.383376838809793310e-03,1.072515288248308551e-01,-7.739500016703478036e-02,-3.457207679039337594e-02,-1.469148731633498906e-01,1.673348219296284800e-02,8.974184443255540933e-02,2.383376838809793310e-03,2.383376838809793310e-03,2.383376838809793310e-03,2.383376838809793310e-03,1.372578599046399839e-01,7.029607519562769413e-02,-2.559832645210941005e-02,1.524795013096381935e-02,-3.162479298543662692e-02,2.383376838809793310e-03,2.383376838809793310e-03,2.383376838809793310e-03,2.383376838809793310e-03,2.383376838809793310e-03,6.323829870474295678e-02,3.977268943755465913e-02,3.238970791861892073e-02,-2.775197131738982304e-02,-6.163112406524572789e-02,2.383376838809792009e-03,2.383376838809792009e-03,2.383376838809792009e-03,2.383376838809792009e-03,2.383376838809792009e-03,2.383376838809792009e-03,2.383376838809792009e-03,2.383376838809792009e-03,2.383376838809792009e-03,2.383376838809790708e-03,2.383376838809788973e-03,2.383376838809788973e-03,2.383376838809788973e-03
3.841169605272252204e-03,3.841169605272659864e-03,3.841169605272323328e-03,3.841169605272426544e-03,3.841169605272437386e-03,3.841169605272420039e-03,3.841169605272444325e-03,3.841169605272354119e-03,3.841169605272410498e-03,3.841169605272377972e-03,3.841169605272377538e-03,3.841169605272377538e-03,3.841169605272377538e-03,3.841169605272377538e-03,3.841169605272377538e-03,-4.104969075495930320e-02,3.841169605272377538e-03,3.841169605272377538e-03,3.841169605272377538e-03,3.841169605272377538e-03,3.841169605272377538e-03,3.841169605272377538e-03,3.841169605272377538e-03,-3.745463778808956479e-02,2.419039149263040381e-02,1.662053021535749020e-03,-9.938245187111612033e-02,0.000000000000000000e+00,3.841169605272377538e-03,3.841169605272377538e-03,3.841169605272377538e-03,3.841169605272377538e-03,3.841169605272377538e-03,-2.967846170141764592e-02,6.134348441485986542e-02,7.721189755208288097e-03,7.073102509989563635e-02,8.847190098795960911e-02,3.841169605272377538e-03,3.841169605272377538e-03,3.841169605272377538e-03,-2.194400880292795425e-02,-2.967846170141764592e-02,-5.613249526493246239e-02,1.812451392127851779e-01,1.831414709942153218e-01,1.459903515843471167e-01,4.124082106189831676e-02,3.841169605272377538e-03,3.841169605272377538e-03,3.841169605272377538e-03,-2.194400880292795425e-02,1.545564265369799711e-02,2.073819581788299143e-02,7.846547799838536619e-02,-1.545564265369799711e-02,-5.015154778974885430e-02,-3.650039298333383059e-03,3.841169605272377538e-03,3.841169605272377538e-03,3.841169605272377538e-03,3.841169605272377538e-03,-1.868716886582225123e-02,1.177220963181948993e-01,3.171472099303195014e-02,6.523964035159582342e-02,8.069572490128769371e-02,-5.608682032244820259e-02,3.841169605272377538e-03,3.841169605272377538e-03,3.841169605272377538e-03,3.841169605272377538e-03,8.784872077512939637e-02,9.186382521937312695e-03,-5.701066250394085100e-03,4.262721828934727675e-02,8.459188083802374192e-02,3.841169605272377538e-03,3.841169605272377538e-03,3.841169605272377538e-03,3.841169605272377538e-03,3.841169605272377538e-03,6.908125185286211056e-02,1.457256837507892311e-01,1.103770592462240685e-01,-1.512165505463664017e-02,-2.194400880292795425e-02,3.841169605272380140e-03,3.841169605272380140e-03,3.841169605272380140e-03,3.841169605272380140e-03,3.841169605272380140e-03,3.841169605272380140e-03,3.841169605272380140e-03,3.841169605272380140e-03,3.841169605272380140e-03,3.841169605272384043e-03,3.841169605272385778e-03,3.841169605272387513e-03,3.841169605272387513e-03
1.463839084761191754e-02,1.463839084761191754e-02,1.463839084761192275e-02,1.463839084761192795e-02,1.463839084761192275e-02,1.463839084761192622e-02,1.463839084761192275e-02,1.463839084761192101e-02,1.463839084761192622e-02,1.463839084761192275e-02,1.463839084761192275e-02,1.463839084761192275e-02,1.463839084761192275e-02,1.463839084761192275e-02,1.463839084761192275e-02,1.020431288632956193e-02,1.463839084761192275e-02,1.463839084761192275e-02,1.463839084761192275e-02,1.463839084761192275e-02,1.463839084761192275e-02,1.463839084761192275e-02,1.463839084761192275e-02,1.318709422068012685e-02,3.475462259339132109e-03,-4.172578305965270185e-03,2.383376838810619472e-03,3.841169605272323762e-03,0.000000000000000000e+00,1.463839084761192275e-02,1.463839084761192275e-02,1.463839084761192275e-02,1.463839084761192275e-02,1.219081343645011736e-02,-5.114550238848415697e-03,6.215829959340470751e-03,3.590131009910263460e-03,-5.429887832916563406e-03,1.463839084761192275e-02,1.463839084761192275e-02,1.463839084761192275e-02,8.270227055413508638e-03,1.219081343645011736e-02,3.529470718559128695e-03,7.667426978399158322e-03,5.963046788765878625e-03,-9.333987927064040305e-03,8.663407370502300420e-03,1.463839084761192275e-02,1.463839084761192275e-02,1.463839084761192275e-02,8.270227055413508638e-03,2.295243578303875036e-03,3.063138145735222473e-04,-3.304553711263383264e-04,-2.295243578303875036e-03,-2.579258070933523883e-03,4.229329409219963892e-03,1.463839084761192275e-02,1.463839084761192275e-02,1.463839084761192275e-02,1.463839084761192275e-02,6.990350282307508309e-03,3.011588555853844662e-03,6.806522827542162146e-03,2.311729865193026812e-03,-4.433607048686562593e-03,1.296533375941714798e-02,1.463839084761192275e-02,1.463839084761192275e-02,1.463839084761192275e-02,1.463839084761192275e-02,1.712796282248883056e-03,-8.415177377622401478e-04,-3.067334687661099624e-03,-7.518024972694853370e-04,2.992673055354878181e-03,1.463839084761192275e-02,1.463839084761192275e-02,1.463839084761192275e-02,1.463839084761192275e-02,1.463839084761192275e-02,7.909540220621482515e-03,-3.910810726437386614e-03,9.360836847553294024e-03,1.638610956811294150e-02,8.270227055413508638e-03,1.463839084761192275e-02,1.463839084761192275e-02,1.463839084761192275e-02,1.463839084761192275e-02,1.463839084761192275e-02,1.463839084761192275e-02,1.463839084761192275e-02,1.463839084761192275e-02,1.463839084761192275e-02,1.463839084761192448e-02,1.463839084761192448e-02,1.463839084761192622e-02,1.463839084761192622e-02
1.463839084761191754e-02,1.463839084761191754e-02,1.463839084761192275e-02,1.463839084761192795e-02,1.463839084761192275e-02,1.463839084761192622e-02,1.463839084761192275e-02,1.463839084761192101e-02,1.463839084761192622e-02,1.463839084761192275e-02,1.463839084761192275e-02,1.463839084761192275e-02,1.463839084761192275e-02,1.463839084761192275e-02,1.463839084761192275e-02,1.020431288632956193e-02,1.463839084761192275e-02,1.463839084761192275e-02,1.463839084761192275e-02,1.463839084761192275e-02,1.463839084761192275e-02,1.463839084761192275e-02,1.463839084761192275e-02,1.318709422068012685e-02,3.475462259339132109e-03,-4.172578305965270185e-03,2.383376838810619472e-03,3.841169605272323762e-03,1.463839084761192275e-02,0.000000000000000000e+00,1.463839084761192275e-02,1.463839084761192275e-02,1.463839084761192275e-02,1.219081343645011736e-02,-5.114550238848415697e-03,6.215829959340470751e-03,3.590131009910263460e-03,-5.429887832916563406e-03,1.463839084761192275e-02,1.463839084761192275e-02,1.463839084761192275e-02,8.270227055413508638e-03,1.219081343645011736e-02,3.529470718559128695e-03,7.667426978399158322e-03,5.963046788765878625e-03,-9.333987927064040305e-03,8.663407370502300420e-03,1.463839084761192275e-02,1.463839084761192275e-02,1.463839084761192275e-02,8.270227055413508638e-03,2.295243578303875036e-03,3.063138145735222473e-04,-3.304553711263383264e-04,-2.295243578303875036e-03,-2.579258070933523883e-03,4.229329409219963892e-03,1.463839084761192275e-02,1.463839084761192275e-02,1.463839084761192275e-02,1.463839084761192275e-02,6.990350282307508309e-03,3.011588555853844662e-03,6.806522827542162146e-03,2.311729865193026812e-03,-4.433607048686562593e-03,1.296533375941714798e-02,1.463839084761192275e-02,1.463839084761192275e-02,1.463839084761192275e-02,1.463839084761192275e-02,1.712796282248883056e-03,-8.415177377622401478e-04,-3.067334687661099624e-03,-7.518024972694853370e-04,2.992673055354878181e-03,1.463839084761192275e-02,1.463839084761192275e-02,1.463839084761192275e-02,1.463839084761192275e-02,1.463839084761192275e-02,7.909540220621482515e-03,-3.910810726437386614e-03,9.360836847553294024e-03,1.638610956811294150e-02,8.270227055413508638e-03,1.463839084761192275e-02,1.463839084761192275e-02,1.463839084761192275e-02,1.463839084761192275e-02,1.463839084761192275e-02,1.463839084761192275e-02,1.463839084761192275e-02,1.463839084761192275e-02,1.463839084761192275e-02,1.463839084761192448e-02,1.463839084761192448e-02,1.463839084761192622e-02,1.463839084761192622e-02
1.463839084761191754e-02,1.463839084761191754e-02,1.463839084761192275e-02,1.463839084761192795e-02,1.463839084761192275e-02,1.463839084761192622e-02,1.463839084761192275e-02,1.463839084761192101e-02,1.463839084761192622e-02,1.463839084761192275e-02,1.463839084761192275e-02,1.463839084761192275e-02,1.463839084761192275e-02,1.463839084761192275e-02,1.463839084761192275e-02,1.020431288632956193e-02,1.463839084761192275e-02,1.463839084761192275e-02,1.463839084761192275e-02,1.463839084761192275e-02,1.463839084761192275e-02,1.463839084761192275e-02,1.463839084761192275e-02,1.318709422068012685e-02,3.475462259339132109e-03,-4.172578305965270185e-03,2.383376838810619472e-03,3.841169605272323762e-03,1.463839084761192275e-02,1.463839084761192275e-02,0.000000000000000000e+00,1.463839084761192275e-02,1.463839084761192275e-02,1.219081343645011736e-02,-5.114550238848415697e-03,6.215829959340470751e-03,3.590131009910263460e-03,-5.429887832916563406e-03,1.463839084761192275e-02,1.463839084761192275e-02,1.463839084761192275e-02,8.270227055413508638e-03,1.219081343645011736e-02,3.529470718559128695e-03,7.667426978399158322e-03,5.963046788765878625e-03,-9.333987927064040305e-03,8.663407370502300420e-03,1.463839084761192275e-02,1.463839084761192275e-02,1.463839084761192275e-02,8.270227055413508638e-03,2.295243578303875036e-03,3.063138145735222473e-04,-3.304553711263383264e-04,-2.295243578303875036e-03,-2.579258070933523883e-03,4.229329409219963892e-03,1.463839084761192275e-02,1.463839084761192275e-02,1.463839084761192275e-02,1.463839084761192275e-02,6.990350282307508309e-03,3.011588555853844662e-03,6.806522827542162146e-03,2.311729865193026812e-03,-4.433607048686562593e-03,1.296533375941714798e-02,1.463839084761192275e-02,1.463839084761192275e-02,1.463839084761192275e-02,1.463839084761192275e-02,1.712796282248883056e-03,-8.415177377622401478e-04,-3.067334687661099624e-03,-7.518024972694853370e-04,2.992673055354878181e-03,1.463839084761192275e-02,1.463839084761192275e-02,1.463839084761192275e-02,1.463839084761192275e-02,1.463839084761192275e-02,7.909540220621482515e-03,-3.910810726437386614e-03,9.360836847553294024e-03,1.638610956811294150e-02,8.270227055413508638e-03,1.463839084761192275e-02,1.463839084761192275e-02,1.463839084761192275e-02,1.463839084761192275e-02,1.463839084761192275e-02,1.463839084761192275e-02,1.463839084761192275e-02,1.463839084761192275e-02,1.463839084761192275e-02,1.463839084761192448e-02,1.463839084761192448e-02,1.463839084761192622e-02,1.463839084761192622e-02
1.463839084761191754e-02,1.463839084761191754e-02,1.463839084761192275e-02,1.463839084761192795e-02,1.463839084761192275e-02,1.463839084761192622e-02,1.463839084761192275e-02,1.463839084761192101e-02,1.463839084761192622e-02,1.463839084761192275e-02,1.463839084761192275e-02,1.463839084761192275e-02,1.463839084761192275e-02,1.463839084761192275e-02,1.463839084761192275e-02,1.020431288632956193e-02,1.463839084761192275e-02,1.463839084761192275e-02,1.463839084761192275e-02,1.463839084761192275e-02,1.463839084761192275e-02,1.463839084761192275e-02,1.463839084761192275e-02,1.318709422068012685e-02,3.475462259339132109e-03,-4.172578305965270185e-03,2.383376838810619472e-03,3.841169605272323762e-03,1.463839084761192275e-02,1.463839084761192275e-02,1.463839084761192275e-02,0.000000000000000000e+00,1.463839084761192275e-02,1.219081343645011736e-02,-5.114550238848415697e-03,6.215829959340470751e-03,3.590131009910263460e-03,-5.429887832916563406e-03,1.463839084761192275e-02,1.463839084761192275e-02,1.463839084761192275e-02,8.270227055413508638e-03,1.219081343645011736e-02,3.529470718559128695e-03,7.667426978399158322e-03,5.963046788765878625e-03,-9.333987927064040305e-03,8.663407370502300420e-03,1.463839084761192275e-02,1.463839084761192275e-02,1.463839084761192275e-02,8.270227055413508638e-03,2.295243578303875036e-03,3.063138145735222473e-04,-3.304553711263383264e-04,-2.295243578303875036e-03,-2.579258070933523883e-03,4.229329409219963892e-03,1.463839084761192275e-02,1.463839084761192275e-02,1.463839084761192275e-02,1.463839084761192275e-02,6.990350282307508309e-03,3.011588555853844662e-03,6.806522827542162146e-03,2.311729865193026812e-03,-4.433607048686562593e-03,1.296533375941714798e-02,1.463839084761192275e-02,1.463839084761192275e-02,1.463839084761192275e-02,1.463839084761192275e-02,1.712796282248883056e-03,-8.415177377622401478e-04,-3.067334687661099624e-03,-7.518024972694853370e-04,2.992673055354878181e-03,1.463839084761192275e-02,1.463839084761192275e-02,1.463839084761192275e-02,1.463839084761192275e-02,1.463839084761192275e-02,7.909540220621482515e-03,-3.910810726437386614e-03,9.360836847553294024e-03,1.638610956811294150e-02,8.270227055413508638e-03,1.463839084761192275e-02,1.463839084761192275e-02,1.463839084761192275e-02,1.463839084761192275e-02,1.463839084761192275e-02,1.463839084761192275e-02,1.463839084761192275e-02,1.463839084761192275e-02,1.463839084761192275e-02,1.463839084761192448e-02,1.463839084761192448e-02,1.463839084761192622e-02,1.463839084761192622e-02
1.463839084761191754e-02,1.463839084761191754e-02,1.463839084761192275e-02,1.463839084761192795e-02,1.463839084761192275e-02,1.463839084761192622e-02,1.463839084761192275e-02,1.463839084761192101e-02,1.463839084761192622e-02,1.463839084761192275e-02,1.463839084761192275e-02,1.463839084761192275e-02,1.463839084761192275e-02,1.463839084761192275e-02,1.463839084761192275e-02,1.020431288632956193e-02,1.463839084761192275e-02,1.463839084761192275e-02,1.463839084761192275e-02,1.463839084761192275e-02,1.463839084761192275e-02,1.463839084761192275e-02,1.463839084761192275e-02,1.318709422068012685e-02,3.475462259339132109e-03,-4.172578305965270185e-03,2.383376838810619472e-03,3.841169605272323762e-03,1.463839084761192275e-02,1.463839084761192275e-02,1.463839084761192275e-02,1.463839084761192275e-02,0.000000000000000000e+00,1.219081343645011736e-02,-5.114550238848415697e-03,6.215829959340470751e-03,3.590131009910263460e-03,-5.429887832916563406e-03,1.463839084761192275e-02,1.463839084761192275e-02,1.463839084761192275e-02,8.270227055413508638e-03,1.219081343645011736e-02,3.529470718559128695e-03,7.667426978399158322e-03,5.963046788765878625e-03,-9.333987927064040305e-03,8.663407370502300420e-03,1.463839084761192275e-02,1.463839084761192275e-02,1.463839084761192275e-02,8.270227055413508638e-03,2.295243578303875036e-03,3.063138145735222473e-04,-3.304553711263383264e-04,-2.295243578303875036e-03,-2.579258070933523883e-03,4.229329409219963892e-03,1.463839084761192275e-02,1.463839084761192275e-02,1.463839084761192275e-02,1.463839084761192275e-02,6.990350282307508309e-03,3.011588555853844662e-03,6.806522827542162146e-03,2.311729865193026812e-03,-4.433607048686562593e-03,1.296533375941714798e-02,1.463839084761192275e-02,1.463839084761192275e-02,1.463839084761192275e-02,1.463839084761192275e-02,1.712796282248883056e-03,-8.415177377622401478e-04,-3.067334687661099624e-03,-7.518024972694853370e-04,2.992673055354878181e-03,1.463839084761192275e-02,1.463839084761192275e-02,1.463839084761192275e-02,1.463839084761192275e-02,1.463839084761192275e-02,7.909540220621482515e-03,-3.910810726437386614e-03,9.360836847553294024e-03,1.638610956811294150e-02,8.270227055413508638e-03,1.463839084761192275e-02,1.463839084761192275e-02,1.463839084761192275e-02,1.463839084761192275e-02,1.463839084761192275e-02,1.463839084761192275e-02,1.463839084761192275e-02,1.463839084761192275e-02,1.463839084761192275e-02,1.463839084761192448e-02,1.463839084761192448e-02,1.463839084761192622e-02,1.463839084761192622e-02
1.219081343645025441e-02,1.219081343645024053e-02,1.219081343645019716e-02,1.219081343645022318e-02,1.219081343645026308e-02,1.219081343645020757e-02,1.219081343645023532e-02,1.219081343645029257e-02,1.219081343645021104e-02,1.219081343645022492e-02,1.219081343645022492e-02,1.219081343645022492e-02,1.219081343645022492e-02,1.219081343645022492e-02,1.219081343645022492e-02,1.974343802173707599e-02,1.219081343645022492e-02,1.219081343645022492e-02,1.219081343645022492e-02,1.219081343645022492e-02,1.219081343645022492e-02,1.219081343645022492e-02,1.219081343645022492e-02,-9.125978778244841702e-03,3.589724266188573654e-03,-3.717980820017855598e-02,-3.700114800130500231e-02,-2.967846170141778817e-02,1.219081343645022492e-02,1.219081343645022492e-02,1.219081343645022492e-02,1.219081343645022492e-02,1.219081343645022492e-02,0.000000000000000000e+00,-6.313267194893980305e-03,1.122215725548661724e-01,5.594831111049478056e-02,9.861274152914950575e-02,1.219081343645022492e-02,1.219081343645022492e-02,1.219081343645022492e-02,-6.581096048412973104e-03,1.478246199875397626e-01,6.720236365050923089e-02,-5.615833237525939825e-02,-2.194717691725740424e-02,3.699774142675806010e-02,-2.341223399622337220e-02,1.219081343645022492e-02,1.219081343645022492e-02,1.219081343645022492e-02,-6.581096048412973104e-03,-4.218414348108660145e-02,-4.643722649362339028e-02,-9.845740492545798639e-02,4.218414348108660145e-02,1.077325117134345089e-01,-1.585960941093650378e-02,1.219081343645022492e-02,1.219081343645022492e-02,1.219081343645022492e-02,1.219081343645022492e-02,-2.857871902991691512e-02,-3.245540060897100787e-02,-1.955763079111706021e-02,5.060657245247473374e-02,-5.833785723663512113e-02,7.024328402756683729e-03,1.219081343645022492e-02,1.219081343645022492e-02,1.219081343645022492e-02,1.219081343645022492e-02,-2.341564057077034910e-02,-6.032716325748419678e-02,5.915633611260379121e-02,-8.458515665612886814e-02,-1.418017589266417494e-03,1.219081343645022492e-02,1.219081343645022492e-02,1.219081343645022492e-02,1.219081343645022492e-02,1.219081343645022492e-02,-3.962900319098302572e-03,5.676678998646343677e-02,1.735389189559678746e-02,-4.038102005319356425e-02,-6.581096048412973104e-03,1.219081343645022492e-02,1.219081343645022492e-02,1.219081343645022492e-02,1.219081343645022492e-02,1.219081343645022492e-02,1.219081343645022492e-02,1.219081343645022492e-02,1.219081343645022492e-02,1.219081343645022492e-02,1.219081343645022318e-02,1.219081343645022318e-02,1.219081343645022492e-02,1.219081343645022492e-02
-5.114550238847831963e-03,-5.114550238847825891e-03,-5.114550238847735686e-03,-5.114550238847742625e-03,-5.114550238847630735e-03,-5.114550238847717471e-03,-5.114550238847655021e-03,-5.114550238847740023e-03,-5.114550238847687981e-03,-5.114550238847716604e-03,-5.114550238847718339e-03,-5.114550238847718339e-03,-5.114550238847718339e-03,-5.114550238847718339e-03,-5.114550238847718339e-03,-4.925270232367606749e-02,-5.114550238847718339e-03,-5.114550238847718339e-03,-5.114550238847718339e-03,-5.114550238847718339e-03,-5.114550238847718339e-03,-5.114550238847718339e-03,-5.114550238847718339e-03,6.518949979253418903e-02,-4.110941510113876041e-02,4.298900021322519388e-02,-9.855659798495060298e-02,6.134348441485984460e-02,-5.114550238847718339e-03,-5.114550238847718339e-03,-5.114550238847718339e-03,-5.114550238847718339e-03,-5.114550238847718339e-03,-6.313267194893331519e-03,0.000000000000000000e+00,5.000412786078335670e-02,-2.953325879417545430e-02,-5.999211891726820289e-02,-5.114550238847718339e-03,-5.114550238847718339e-03,-5.114550238847718339e-03,-5.295003420805469846e-02,-6.313267194893331519e-03,7.409067954728200400e-02,1.938082972550863314e-01,-1.243402658681442008e-01,6.417685543479320631e-02,5.120284481682894906e-02,-5.114550238847718339e-03,-5.114550238847718339e-03,-5.114550238847718339e-03,-5.295003420805469846e-02,3.367360847621955929e-03,-9.102424533040059940e-02,-7.617002580733688022e-02,-3.367360847621955929e-03,-1.822444368287569338e-02,7.064692732000568687e-03,-5.114550238847718339e-03,-5.114550238847718339e-03,-5.114550238847718339e-03,-5.114550238847718339e-03,7.898386507551619085e-02,1.071471153975633445e-01,-1.063176551441280260e-01,1.741731022128448214e-01,1.151064807015931592e-02,2.266647001983954079e-02,-5.114550238847718339e-03,-5.114550238847718339e-03,-5.114550238847718339e-03,-5.114550238847718339e-03,1.682310226667164607e-02,-2.221923982976405088e-02,1.910507298688496336e-02,8.343268372586497283e-02,-1.151107970168992745e-01,-5.114550238847718339e-03,-5.114550238847718339e-03,-5.114550238847718339e-03,-5.114550238847718339e-03,-5.114550238847718339e-03,3.028736983689606956e-03,1.082462262868746916e-03,-6.727531304769228393e-02,6.311015353247929893e-02,-5.295003420805469846e-02,-5.114550238847716604e-03,-5.114550238847716604e-03,-5.114550238847716604e-03,-5.114550238847716604e-03,-5.114550238847716604e-03,-5.114550238847716604e-03,-5.114550238847716604e-03,-5.114550238847716604e-03,-5.114550238847716604e-03,-5.114550238847719206e-03,-5.114550238847718339e-03,-5.114550238847719206e-03,-5.114550238847719206e-03
6.215829959340136816e-03,6.215829959340312891e-03,6.215829959340190593e-03,6.215829959340240032e-03,6.215829959340294676e-03,6.215829959340237430e-03,6.215829959340264319e-03,6.215829959340282533e-03,6.215829959340229624e-03,6.215829959340236563e-03,6.215829959340236563e-03,6.215829959340236563e-03,6.215829959340236563e-03,6.215829959340236563e-03,6.215829959340236563e-03,-2.364657200367238643e-02,6.215829959340236563e-03,6.215829959340236563e-03,6.215829959340236563e-03,6.215829959340236563e-03,6.215829959340236563e-03,6.215829959340236563e-03,6.215829959340236563e-03,-4.270055474498048870e-02,-6.784589319298466037e-02,-1.914204288509283730e-02,-1.949146360902987568e-02,7.721189755207913397e-03,6.215829959340236563e-03,6.215829959340236563e-03,6.215829959340236563e-03,6.215829959340236563e-03,6.215829959340236563e-03,1.122215725548659920e-01,5.000412786078301669e-02,0.000000000000000000e+00,2.829382624183665595e-02,1.612077665360308054e-01,6.215829959340236563e-03,6.215829959340236563e-03,6.215829959340236563e-03,-2.450936868884178582e-02,1.122215725548659920e-01,1.284226950906910969e-01,-4.591225846412123890e-02,-2.249063293174171849e-02,-2.081951682408334989e-03,8.121015907367869213e-02,6.215829959340236563e-03,6.215829959340236563e-03,6.215829959340236563e-03,-2.450936868884178582e-02,5.048496042549662638e-02,-7.858551175234676500e-02,-1.084371150018711843e-01,-5.048496042549662638e-02,1.100657391092500770e-02,5.134775711066610904e-02,6.215829959340236563e-03,6.215829959340236563e-03,6.215829959340236563e-03,6.215829959340236563e-03,5.491968026723202667e-02,-5.314875452925972577e-02,-5.707009840976270260e-02,2.392618345076529679e-02,6.285639236184316012e-03,-2.007464884710639941e-02,6.215829959340236563e-03,6.215829959340236563e-03,6.215829959340236563e-03,6.215829959340236563e-03,5.963674378224045891e-02,-8.366248101870865650e-03,7.501358859578077798e-02,-2.178236869414700017e-02,-1.979230517383339522e-02,6.215829959340236563e-03,6.215829959340236563e-03,6.215829959340236563e-03,6.215829959340236563e-03,6.215829959340236563e-03,-3.798349122997209809e-02,1.095930540738017517e-01,1.093289347434864972e-02,-2.271497465616051370e-02,-2.450936868884178582e-02,6.215829959340235696e-03,6.215829959340235696e-03,6.215829959340235696e-03,6.215829959340235696e-03,6.215829959340235696e-03,6.215829959340235696e-03,6.215829959340235696e-03,6.215829959340235696e-03,6.215829959340235696e-03,6.215829959340234828e-03,6.215829959340236563e-03,6.215829959340235696e-03,6.215829959340235696e-03
3.590131009910955615e-03,3.590131009910976865e-03,3.590131009910879720e-03,3.590131009911043652e-03,3.590131009911087020e-03,3.590131009911001151e-03,3.590131009911036279e-03,3.590131009910995513e-03,3.590131009911001585e-03,3.590131009910988574e-03,3.590131009910989008e-03,3.590131009910989008e-03,3.590131009910989008e-03,3.590131009910989008e-03,3.590131009910989008e-03,-7.717556831997575417e-02,3.590131009910989008e-03,3.590131009910989008e-03,3.590131009910989008e-03,3.590131009910989008e-03,3.590131009910989008e-03,3.590131009910989008e-03,3.590131009910989008e-03,-7.304335293716314459e-02,-8.615261542989779975e-02,-8.134901980833328383e-02,4.863753369670068688e-02,7.073102509989621922e-02,3.590131009910989008e-03,3.590131009910989008e-03,3.590131009910989008e-03,3.590131009910989008e-03,3.590131009910989008e-03,5.594831111049552996e-02,-2.953325879417551675e-02,2.829382624183719719e-02,0.000000000000000000e+00,5.016099850954441886e-03,3.590131009910989008e-03,3.590131009910989008e-03,3.590131009910989008e-03,-8.734403221812381268e-02,5.594831111049552996e-02,1.515768740984254487e-02,-7.355889568432996684e-02,1.199518792750435270e-01,5.147698363067416266e-02,-2.406435385874734420e-02,3.590131009910989008e-03,3.590131009910989008e-03,3.590131009910989008e-03,-8.734403221812381268e-02,-1.149985170867821732e-01,-3.282373421296635313e-02,1.291053570351237134e-01,1.149985170867821732e-01,-1.150481873723850634e-02,-1.048300531886340869e-01,3.590131009910989008e-03,3.590131009910989008e-03,3.590131009910989008e-03,3.590131009910989008e-03,8.393726631475488878e-03,-4.523303057691976936e-02,-2.847025689199530335e-02,7.475471002155691103e-02,-1.239755641967042188e-01,3.604821150013378522e-02,3.590131009910989008e-03,3.590131009910989008e-03,3.590131009910989008e-03,3.590131009910989008e-03,7.605016346862752963e-02,-2.366666127043075968e-02,-8.040004560714318627e-02,-4.617753980066403863e-02,-1.968759538097174938e-02,3.590131009910989008e-03,3.590131009910989008e-03,3.590131009910989008e-03,3.590131009910989008e-03,3.590131009910989008e-03,-5.386916100011059604e-03,6.802209055989559550e-02,7.124656784706308310e-02,7.121969150780307900e-02,-8.734403221812381268e-02,3.590131009910987707e-03,3.590131009910987707e-03,3.590131009910987707e-03,3.590131009910987707e-03,3.590131009910987707e-03,3.590131009910987707e-03,3.590131009910987707e-03,3.590131009910987707e-03,3.590131009910987707e-03,3.590131009910987273e-03,3.590131009910985972e-03,3.590131009910985972e-03,3.590131009910985972e-03
-5.429887832917695313e-03,-5.429887832917349236e-03,-5.429887832917665823e-03,-5.429887832917604240e-03,-5.429887832917612046e-03,-5.429887832917613781e-03,-5.429887832917609444e-03,-5.429887832917568678e-03,-5.429887832917634598e-03,-5.429887832917623322e-03,-5.429887832917623322e-03,-5.429887832917623322e-03,-5.429887832917623322e-03,-5.429887832917623322e-03,-5.429887832917623322e-03,-1.355318670766852973e-02,-5.429887832917623322e-03,-5.429887832917623322e-03,-5.429887832917623322e-03,-5.429887832917623322e-03,-5.429887832917623322e-03,-5.429887832917623322e-03,-5.429887832917623322e-03,-9.673839333836112275e-02,-1.820469309226159516e-02,-3.137372582086538075e-03,-5.349963343327666238e-02,8.847190098795885971e-02,-5.429887832917623322e-03,-5.429887832917623322e-03,-5.429887832917623322e-03,-5.429887832917623322e-03,-5.429887832917623322e-03,9.861274152914877023e-02,-5.999211891726789758e-02,1.612077665360303058e-01,5.016099850954316985e-03,0.000000000000000000e+00,-5.429887832917623322e-03,-5.429887832917623322e-03,-5.429887832917623322e-03,3.182067952235853592e-02,9.861274152914877023e-02,7.159930138485591511e-02,-8.949360363833502863e-02,2.998634126201780645e-02,9.262892805742067859e-02,5.716513717396387584e-02,-5.429887832917623322e-03,-5.429887832917623322e-03,-5.429887832917623322e-03,3.182067952235853592e-02,9.441570452924001600e-02,2.886921349203452197e-02,-6.177596215583591732e-02,-9.441570452924001600e-02,8.368409800312540114e-02,4.904183829921299198e-02,-5.429887832917623322e-03,-5.429887832917623322e-03,-5.429887832917623322e-03,-5.429887832917623322e-03,9.637432677257478861e-03,-5.383610150434878228e-02,-6.479395673358342989e-02,-3.127863841870586609e-02,8.976419814464682567e-02,-5.295759232962400642e-02,-5.429887832917623322e-03,-5.429887832917623322e-03,-5.429887832917623322e-03,-5.429887832917623322e-03,9.629443179810784348e-02,-4.972663622340831729e-02,1.053519212992095472e-02,-3.709483436180362192e-02,1.184776786432089057e-01,-5.429887832917623322e-03,-5.429887832917623322e-03,-5.429887832917623322e-03,-5.429887832917623322e-03,-5.429887832917623322e-03,-1.008139421751075814e-02,1.053154901255222015e-01,8.122711128793275170e-02,-8.691505410934105558e-02,3.182067952235853592e-02,-5.429887832917622455e-03,-5.429887832917622455e-03,-5.429887832917622455e-03,-5.429887832917622455e-03,-5.429887832917622455e-03,-5.429887832917622455e-03,-5.429887832917622455e-03,-5.429887832917622455e-03,-5.429887832917622455e-03,-5.429887832917618985e-03,-5.429887832917619853e-03,-5.429887832917618985e-03,-5.429887832917618985e-03
1.463839084761191754e-02,1.463839084761191754e-02,1.463839084761192275e-02,1.463839084761192795e-02,1.463839084761192275e-02,1.463839084761192622e-02,1.463839084761192275e-02,1.463839084761192101e-02,1.463839084761192622e-02,1.463839084761192275e-02,1.463839084761192275e-02,1.463839084761192275e-02,1.463839084761192275e-02,1.463839084761192275e-02,1.463839084761192275e-02,1.020431288632956193e-02,1.463839084761192275e-02,1.463839084761192275e-02,1.463839084761192275e-02,1.463839084761192275e-02,1.463839084761192275e-02,1.463839084761192275e-02,1.463839084761192275e-02,1.318709422068012685e-02,3.475462259339132109e-03,-4.172578305965270185e-03,2.383376838810619472e-03,3.841169605272323762e-03,1.463839084761192275e-02,1.463839084761192275e-02,1.463839084761192275e-02,1.463839084761192275e-02,1.463839084761192275e-02,1.219081343645011736e-02,-5.114550238848415697e-03,6.215829959340470751e-03,3.590131009910263460e-03,-5.429887832916563406e-03,0.000000000000000000e+00,1.463839084761192275e-02,1.463839084761192275e-02,8.270227055413508638e-03,1.219081343645011736e-02,3.529470718559128695e-03,7.667426978399158322e-03,5.963046788765878625e-03,-9.333987927064040305e-03,8.663407370502300420e-03,1.463839084761192275e-02,1.463839084761192275e-02,1.463839084761192275e-02,8.270227055413508638e-03,2.295243578303875036e-03,3.063138145735222473e-04,-3.304553711263383264e-04,-2.295243578303875036e-03,-2.579258070933523883e-03,4.229329409219963892e-03,1.463839084761192275e-02,1.463839084761192275e-02,1.463839084761192275e-02,1.463839084761192275e-02,6.990350282307508309e-03,3.011588555853844662e-03,6.806522827542162146e-03,2.311729865193026812e-03,-4.433607048686562593e-03,1.296533375941714798e-02,1.463839084761192275e-02,1.463839084761192275e-02,1.463839084761192275e-02,1.463839084761192275e-02,1.712796282248883056e-03,-8.415177377622401478e-04,-3.067334687661099624e-03,-7.518024972694853370e-04,2.992673055354878181e-03,1.463839084761192275e-02,1.463839084761192275e-02,1.463839084761192275e-02,1.463839084761192275e-02,1.463839084761192275e-02,7.909540220621482515e-03,-3.910810726437386614e-03,9.360836847553294024e-03,1.638610956811294150e-02,8.270227055413508638e-03,1.463839084761192275e-02,1.463839084761192275e-02,1.463839084761192275e-02,1.463839084761192275e-02,1.463839084761192275e-02,1.463839084761192275e-02,1.463839084761192275e-02,1.463839084761192275e-02,1.463839084761192275e-02,1.463839084761192448e-02,1.463839084761192448e-02,1.463839084761192622e-02,1.463839084761192622e-02
1.463839084761191754e-02,1.463839084761191754e-02,1.463839084761192275e-02,1.463839084761192795e-02,1.463839084761192275e-02,1.463839084761192622e-02,1.463839084761192275e-02,1.463839084761192101e-02,1.463839084761192622e-02,1.463839084761192275e-02,1.463839084761192275e-02,1.463839084761192275e-02,1.463839084761192275e-02,1.463839084761192275e-02,1.463839084761192275e-02,1.020431288632956193e-02,1.463839084761192275e-02,1.463839084761192275e-02,1.463839084761192275e-02,1.463839084761192275e-02,1.463839084761192275e-02,1.463839084761192275e-02,1.463839084761192275e-02,1.318709422068012685e-02,3.475462259339132109e-03,-4.172578305965270185e-03,2.383376838810619472e-03,3.841169605272323762e-03,1.463839084761192275e-02,1.463839084761192275e-02,1.463839084761192275e-02,1.463839084761192275e-02,1.463839084761192275e-02,1.219081343645011736e-02,-5.114550238848415697e-03,6.215829959340470751e-03,3.590131009910263460e-03,-5.429887832916563406e-03,1.463839084761192275e-02,0.000000000000000000e+00,1.463839084761192275e-02,8.270227055413508638e-03,1.219081343645011736e-02,3.529470718559128695e-03,7.667426978399158322e-03,5.963046788765878625e-03,-9.333987927064040305e-03,8.663407370502300420e-03,1.463839084761192275e-02,1.463839084761192275e-02,1.463839084761192275e-02,8.270227055413508638e-03,2.295243578303875036e-03,3.063138145735222473e-04,-3.304553711263383264e-04,-2.295243578303875036e-03,-2.579258070933523883e-03,4.229329409219963892e-03,1.463839084761192275e-02,1.463839084761192275e-02,1.463839084761192275e-02,1.463839084761192275e-02,6.990350282307508309e-03,3.011588555853844662e-03,6.806522827542162146e-03,2.311729865193026812e-03,-4.433607048686562593e-03,1.296533375941714798e-02,1.463839084761192275e-02,1.463839084761192275e-02,1.463839084761192275e-02,1.463839084761192275e-02,1.712796282248883056e-03,-8.415177377622401478e-04,-3.067334687661099624e-03,-7.518024972694853370e-04,2.992673055354878181e-03,1.463839084761192275e-02,1.463839084761192275e-02,1.463839084761192275e-02,1.463839084761192275e-02,1.463839084761192275e-02,7.909540220621482515e-03,-3.910810726437386614e-03,9.360836847553294024e-03,1.638610956811294150e-02,8.270227055413508638e-03,1.463839084761192275e-02,1.463839084761192275e-02,1.463839084761192275e-02,1.463839084761192275e-02,1.463839084761192275e-02,1.463839084761192275e-02,1.463839084761192275e-02,1.463839084761192275e-02,1.463839084761192275e-02,1.463839084761192448e-02,1.463839084761192448e-02,1.463839084761192622e-02,1.463839084761192622e-02
1.463839084761191754e-02,1.463839084761191754e-02,1.463839084761192275e-02,1.463839084761192795e-02,1.463839084761192275e-02,1.463839084761192622e-02,1.463839084761192275e-02,1.463839084761192101e-02,1.463839084761192622e-02,1.463839084761192275e-02,1.463839084761192275e-02,1.463839084761192275e-02,1.463839084761192275e-02,1.463839084761192275e-02,1.463839084761192275e-02,1.020431288632956193e-02,1.463839084761192275e-02,1.463839084761192275e-02,1.463839084761192275e-02,1.463839084761192275e-02,1.463839084761192275e-02,1.463839084761192275e-02,1.463839084761192275e-02,1.318709422068012685e-02,3.475462259339132109e-03,-4.172578305965270185e-03,2.383376838810619472e-03,3.841169605272323762e-03,1.463839084761192275e-02,1.463839084761192275e-02,1.463839084761192275e-02,1.463839084761192275e-02,1.463839084761192275e-02,1.219081343645011736e-02,-5.114550238848415697e-03,6.215829959340470751e-03,3.590131009910263460e-03,-5.429887832916563406e-03,1.463839084761192275e-02,1.463839084761192275e-02,0.000000000000000000e+00,8.270227055413508638e-03,1.219081343645011736e-02,3.529470718559128695e-03,7.667426978399158322e-03,5.963046788765878625e-03,-9.333987927064040305e-03,8.663407370502300420e-03,1.463839084761192275e-02,1.463839084761192275e-02,1.463839084761192275e-02,8.270227055413508638e-03,2.295243578303875036e-03,3.063138145735222473e-04,-3.304553711263383264e-04,-2.295243578303875036e-03,-2.579258070933523883e-03,4.229329409219963892e-03,1.463839084761192275e-02,1.463839084761192275e-02,1.463839084761192275e-02,1.463839084761192275e-02,6.990350282307508309e-03,3.011588555853844662e-03,6.806522827542162146e-03,2.311729865193026812e-03,-4.433607048686562593e-03,1.296533375941714798e-02,1.463839084761192275e-02,1.463839084761192275e-02,1.463839084761192275e-02,1.463839084761192275e-02,1.712796282248883056e-03,-8.415177377622401478e-04,-3.067334687661099624e-03,-7.518024972694853370e-04,2.992673055354878181e-03,1.463839084761192275e-02,1.463839084761192275e-02,1.463839084761192275e-02,1.463839084761192275e-02,1.463839084761192275e-02,7.909540220621482515e-03,-3.910810726437386614e-03,9.360836847553294024e-03,1.638610956811294150e-02,8.270227055413508638e-03,1.463839084761192275e-02,1.463839084761192275e-02,1.463839084761192275e-02,1.463839084761192275e-02,1.463839084761192275e-02,1.463839084761192275e-02,1.463839084761192275e-02,1.463839084761192275e-02,1.463839084761192275e-02,1.463839084761192448e-02,1.463839084761192448e-02,1.463839084761192622e-02,1.463839084761192622e-02
8.270227055413189449e-03,8.270227055413210265e-03,8.270227055413217204e-03,8.270227055413125264e-03,8.270227055413113121e-03,8.270227055413175571e-03,8.270227055413154754e-03,8.270227055413165163e-03,8.270227055413161693e-03,8.270227055413165163e-03,8.270227055413165163e-03,8.270227055413165163e-03,8.270227055413165163e-03,8.270227055413165163e-03,8.270227055413165163e-03,1.067784707279295295e-02,8.270227055413165163e-03,8.270227055413165163e-03,8.270227055413165163e-03,8.270227055413165163e-03,8.270227055413165163e-03,8.270227055413165163e-03,8.270227055413165163e-03,9.472947024161546686e-03,-2.518112256426888185e-02,-4.757326298930595471e-02,-6.163112406524493686e-02,-2.194400880292815548e-02,8.270227055413165163e-03,8.270227055413165163e-03,8.270227055413165163e-03,8.270227055413165163e-03,8.270227055413165163e-03,-6.581096048413458827e-03,-5.295003420805513561e-02,-2.450936868884188991e-02,-8.734403221812436779e-02,3.182067952235927144e-02,8.270227055413165163e-03,8.270227055413165163e-03,8.270227055413165163e-03,0.000000000000000000e+00,-6.581096048413458827e-03,-5.653634013966375021e-02,1.632040077163046665e-02,-3.359424986148730474e-02,2.010556667482603366e-02,-9.658045585015234691e-03,8.270227055413165163e-03,8.270227055413165163e-03,8.270227055413165163e-03,1.016619648724245151e-01,8.373369223199612910e-02,3.257330381579241069e-02,2.089902870271366508e-02,-8.373369223199612910e-02,4.648780434692736246e-02,-7.250425567635415680e-03,8.270227055413165163e-03,8.270227055413165163e-03,8.270227055413165163e-03,8.270227055413165163e-03,-1.412191336962393719e-02,1.306143303565322766e-02,5.875059761702737526e-03,-3.622448153637511381e-02,4.787472259493426308e-02,3.806359270804500830e-03,8.270227055413165163e-03,8.270227055413165163e-03,8.270227055413165163e-03,8.270227055413165163e-03,-5.118360297543412402e-02,-1.651708066333435615e-02,-2.570181601380393255e-02,-7.754398667289895408e-02,6.460027526661429875e-02,8.270227055413165163e-03,8.270227055413165163e-03,8.270227055413165163e-03,8.270227055413165163e-03,8.270227055413165163e-03,-2.758874258164870780e-02,-6.517112563699396788e-02,-2.879146255039707891e-02,-2.616436441278849334e-02,1.016619648724245151e-01,8.270227055413165163e-03,8.270227055413165163e-03,8.270227055413165163e-03,8.270227055413165163e-03,8.270227055413165163e-03,8.270227055413165163e-03,8.270227055413165163e-03,8.270227055413165163e-03,8.270227055413165163e-03,8.270227055413163428e-03,8.270227055413168632e-03,8.270227055413168632e-03,8.270227055413168632e-03
1.219081343645025441e-02,1.219081343645024053e-02,1.219081343645019716e-02,1.219081343645022318e-02,1.219081343645026308e-02,1.219081343645020757e-02,1.219081343645023532e-02,1.219081343645029257e-02,1.219081343645021104e-02,1.219081343645022492e-02,1.219081343645022492e-02,1.219081343645022492e-02,1.219081343645022492e-02,1.219081343645022492e-02,1.219081343645022492e-02,1.974343802173707599e-02,1.219081343645022492e-02,1.219081343645022492e-02,1.219081343645022492e-02,1.219081343645022492e-02,1.219081343645022492e-02,1.219081343645022492e-02,1.219081343645022492e-02,-9.125978778244841702e-03,3.589724266188573654e-03,-3.717980820017855598e-02,-3.700114800130500231e-02,-2.967846170141778817e-02,1.219081343645022492e-02,1.219081343645022492e-02,1.219081343645022492e-02,1.219081343645022492e-02,1.219081343645022492e-02,1.478246199875397626e-01,-6.313267194893980305e-03,1.122215725548661724e-01,5.594831111049478056e-02,9.861274152914950575e-02,1.219081343645022492e-02,1.219081343645022492e-02,1.219081343645022492e-02,-6.581096048412973104e-03,0.000000000000000000e+00,6.720236365050923089e-02,-5.615833237525939825e-02,-2.194717691725740424e-02,3.699774142675806010e-02,-2.341223399622337220e-02,1.219081343645022492e-02,1.219081343645022492e-02,1.219081343645022492e-02,-6.581096048412973104e-03,-4.218414348108660145e-02,-4.643722649362339028e-02,-9.845740492545798639e-02,4.218414348108660145e-02,1.077325117134345089e-01,-1.585960941093650378e-02,1.219081343645022492e-02,1.219081343645022492e-02,1.219081343645022492e-02,1.219081343645022492e-02,-2.857871902991691512e-02,-3.245540060897100787e-02,-1.955763079111706021e-02,5.060657245247473374e-02,-5.833785723663512113e-02,7.024328402756683729e-03,1.219081343645022492e-02,1.219081343645022492e-02,1.219081343645022492e-02,1.219081343645022492e-02,-2.341564057077034910e-02,-6.032716325748419678e-02,5.915633611260379121e-02,-8.458515665612886814e-02,-1.418017589266417494e-03,1.219081343645022492e-02,1.219081343645022492e-02,1.219081343645022492e-02,1.219081343645022492e-02,1.219081343645022492e-02,-3.962900319098302572e-03,5.676678998646343677e-02,1.735389189559678746e-02,-4.038102005319356425e-02,-6.581096048412973104e-03,1.219081343645022492e-02,1.219081343645022492e-02,1.219081343645022492e-02,1.219081343645022492e-02,1.219081343645022492e-02,1.219081343645022492e-02,1.219081343645022492e-02,1.219081343645022492e-02,1.219081343645022492e-02,1.219081343645022318e-02,1.219081343645022318e-02,1.219081343645022492e-02,1.219081343645022492e-02
3.529470718559350739e-03,3.529470718559467833e-03,3.529470718559314744e-03,3.529470718559429669e-03,3.529470718559481711e-03,3.529470718559363750e-03,3.529470718559427934e-03,3.529470718559431404e-03,3.529470718559424899e-03,3.529470718559420996e-03,3.529470718559418827e-03,3.529470718559418827e-03,3.529470718559418827e-03,3.529470718559418827e-03,3.529470718559418827e-03,4.999161851000163970e-02,3.529470718559418827e-03,3.529470718559418827e-03,3.529470718559418827e-03,3.529470718559418827e-03,3.529470718559418827e-03,3.529470718559418827e-03,3.529470718559418827e-03,-6.277435578324323806e-02,-1.306979083941345668e-02,-1.773259222363663540e-02,-8.499149657508481281e-02,-5.613249526493258035e-02,3.529470718559418827e-03,3.529470718559418827e-03,3.529470718559418827e-03,3.529470718559418827e-03,3.529470718559418827e-03,6.720236365050960559e-02,7.409067954728171257e-02,1.284226950906912634e-01,1.515768740984218058e-02,7.159930138485605389e-02,3.529470718559418827e-03,3.529470718559418827e-03,3.529470718559418827e-03,-5.653634013966333388e-02,6.720236365050960559e-02,0.000000000000000000e+00,-1.256787389191228455e-01,-7.692925182493856595e-02,2.235078090306757970e-02,6.474980215874107103e-02,3.529470718559418827e-03,3.529470718559418827e-03,3.529470718559418827e-03,-5.653634013966333388e-02,4.683991300518283198e-03,8.746540393140186942e-02,-1.085810163803308664e-01,-4.683991300518283198e-03,-1.218079893815330744e-01,1.112119499501832975e-01,3.529470718559418827e-03,3.529470718559418827e-03,3.529470718559418827e-03,3.529470718559418827e-03,-1.133330665663810199e-03,-7.879589745028284242e-02,-3.370952118588391166e-02,7.917417460890274761e-02,-5.837741804889677588e-02,-6.235366210584545460e-02,3.529470718559418827e-03,3.529470718559418827e-03,3.529470718559418827e-03,3.529470718559418827e-03,2.109086486723778936e-03,-3.837232257010712855e-02,2.487987668444524569e-02,1.424477197280035745e-01,-5.329392298727575472e-02,3.529470718559418827e-03,3.529470718559418827e-03,3.529470718559418827e-03,3.529470718559418827e-03,3.529470718559418827e-03,-5.953193863085565890e-02,-1.833985395460939818e-02,6.771887870947020972e-03,9.782664984579475531e-02,-5.653634013966333388e-02,3.529470718559419261e-03,3.529470718559419261e-03,3.529470718559419261e-03,3.529470718559419261e-03,3.529470718559419261e-03,3.529470718559419261e-03,3.529470718559419261e-03,3.529470718559419261e-03,3.529470718559419261e-03,3.529470718559422297e-03,3.529470718559421429e-03,3.529470718559421429e-03,3.529470718559421429e-03
7.667426978399297967e-03,7.667426978399357815e-03,7.667426978399435877e-03,7.667426978399354345e-03,7.667426978399436745e-03,7.667426978399433275e-03,7.667426978399457561e-03,7.667426978399339600e-03,7.667426978399422867e-03,7.667426978399383836e-03,7.667426978399383836e-03,7.667426978399383836e-03,7.667426978399383836e-03,7.667426978399383836e-03,7.667426978399383836e-03,-8.026117618029141032e-02,7.667426978399383836e-03,7.667426978399383836e-03,7.667426978399383836e-03,7.667426978399383836e-03,7.667426978399383836e-03,7.667426978399383836e-03,7.667426978399383836e-03,1.425884511386514286e-01,2.425529012515595384e-03,-2.857441626421947795e-02,-9.854019216480076893e-02,1.812451392127851224e-01,7.667426978399383836e-03,7.667426978399383836e-03,7.667426978399383836e-03,7.667426978399383836e-03,7.667426978399383836e-03,-5.615833237525942601e-02,1.938082972550862204e-01,-4.591225846412093359e-02,-7.355889568433060521e-02,-8.949360363833441800e-02,7.667426978399383836e-03,7.667426978399383836e-03,7.667426978399383836e-03,1.632040077163088992e-02,-5.615833237525942601e-02,-1.256787389191231230e-01,0.000000000000000000e+00,2.335076015351312748e-02,5.059854009482127671e-03,1.791350088953788666e-02,7.667426978399383836e-03,7.667426978399383836e-03,7.667426978399383836e-03,1.632040077163088992e-02,2.656647468276939275e-02,-1.156803986508163073e-01,-1.080162537440261528e-03,-2.656647468276939275e-02,-6.064672577094448735e-03,-7.001510226915294566e-02,7.667426978399383836e-03,7.667426978399383836e-03,7.667426978399383836e-03,7.667426978399383836e-03,-2.333251829833565827e-02,1.043048358336658571e-01,-1.234352403773266577e-02,4.864119918369567280e-02,1.092531798755763950e-01,-3.357859220947415069e-02,7.667426978399383836e-03,7.667426978399383836e-03,7.667426978399383836e-03,7.667426978399383836e-03,-7.556683726578064531e-02,-4.334346931446773216e-02,6.899781467999903384e-02,2.083372562734271682e-02,-3.591391819581411793e-02,7.667426978399383836e-03,7.667426978399383836e-03,7.667426978399383836e-03,7.667426978399383836e-03,7.667426978399383836e-03,9.035413217120638607e-02,1.046920988712447959e-01,-4.456689198904563443e-02,1.582954968208803714e-02,1.632040077163088992e-02,7.667426978399387305e-03,7.667426978399387305e-03,7.667426978399387305e-03,7.667426978399387305e-03,7.667426978399387305e-03,7.667426978399387305e-03,7.667426978399387305e-03,7.667426978399387305e-03,7.667426978399387305e-03,7.667426978399385570e-03,7.667426978399389040e-03,7.667426978399386438e-03,7.667426978399386438e-03
5.963046788765997454e-03,5.963046788766230774e-03,5.963046788765992250e-03,5.963046788766091129e-03,5.963046788766047761e-03,5.963046788766063373e-03,5.963046788766050363e-03,5.963046788766021740e-03,5.963046788766039087e-03,5.963046788766031281e-03,5.963046788766033016e-03,5.963046788766033016e-03,5.963046788766033016e-03,5.963046788766033016e-03,5.963046788766033016e-03,-1.209468661361666475e-02,5.963046788766033016e-03,5.963046788766033016e-03,5.963046788766033016e-03,5.963046788766033016e-03,5.963046788766033016e-03,5.963046788766033016e-03,5.963046788766033016e-03,-6.179339320792324314e-02,1.218314423370699465e-02,-5.315903918873047390e-02,3.079893909927060996e-02,1.831414709942156827e-01,5.963046788766033016e-03,5.963046788766033016e-03,5.963046788766033016e-03,5.963046788766033016e-03,5.963046788766033016e-03,-2.194717691725718914e-02,-1.243402658681442008e-01,-2.249063293174134726e-02,1.199518792750431939e-01,2.998634126201843442e-02,5.963046788766033016e-03,5.963046788766033016e-03,5.963046788766033016e-03,-3.359424986148708964e-02,-2.194717691725718914e-02,-7.692925182493839942e-02,2.335076015351351952e-02,0.000000000000000000e+00,-3.563395663211050765e-03,5.419590774281904388e-03,5.963046788766033016e-03,5.963046788766033016e-03,5.963046788766033016e-03,-3.359424986148708964e-02,-3.413770587597123735e-02,4.001402089328760792e-03,1.083048063308133108e-01,3.413770587597123735e-02,-1.020253701281400166e-01,-1.263814262810079858e-02,5.963046788766033016e-03,5.963046788766033016e-03,5.963046788766033016e-03,5.963046788766033016e-03,-5.937913663367141298e-02,8.250739339866766664e-03,1.389497116334385274e-01,-5.604036985697084111e-02,-9.859875028647597031e-03,-5.883568061918727221e-02,5.963046788766033016e-03,5.963046788766033016e-03,5.963046788766033016e-03,5.963046788766033016e-03,3.265513421034146879e-02,7.360752821100105536e-02,4.273959191624186749e-02,-2.474119727159156817e-02,5.844002098252583377e-02,5.963046788766033016e-03,5.963046788766033016e-03,5.963046788766033016e-03,5.963046788766033016e-03,5.963046788766033016e-03,3.024087763608968027e-02,1.528315961626374453e-01,9.799731763277895469e-02,-3.041783870204831097e-02,-3.359424986148708964e-02,5.963046788766032148e-03,5.963046788766032148e-03,5.963046788766032148e-03,5.963046788766032148e-03,5.963046788766032148e-03,5.963046788766032148e-03,5.963046788766032148e-03,5.963046788766032148e-03,5.963046788766032148e-03,5.963046788766035618e-03,5.963046788766034750e-03,5.963046788766035618e-03,5.963046788766035618e-03
-9.333987927063488663e-03,-9.333987927063303047e-03,-9.333987927063545909e-03,-9.333987927063485193e-03,-9.333987927063469581e-03,-9.333987927063507745e-03,-9.333987927063462642e-03,-9.333987927063476520e-03,-9.333987927063479989e-03,-9.333987927063492132e-03,-9.333987927063492132e-03,-9.333987927063492132e-03,-9.333987927063492132e-03,-9.333987927063492132e-03,-9.333987927063492132e-03,3.382232731352889654e-02,-9.333987927063492132e-03,-9.333987927063492132e-03,-9.333987927063492132e-03,-9.333987927063492132e-03,-9.333987927063492132e-03,-9.333987927063492132e-03,-9.333987927063492132e-03,-8.499316036398971153e-02,2.343448001454125074e-02,1.178701950055400377e-02,-1.809230429875965940e-01,1.459903515843473665e-01,-9.333987927063492132e-03,-9.333987927063492132e-03,-9.333987927063492132e-03,-9.333987927063492132e-03,-9.333987927063492132e-03,3.699774142675862909e-02,6.417685543479331733e-02,-2.081951682408076515e-03,5.147698363067429450e-02,9.262892805742034552e-02,-9.333987927063492132e-03,-9.333987927063492132e-03,-9.333987927063492132e-03,2.010556667482630427e-02,3.699774142675862909e-02,2.235078090306788848e-02,5.059854009482459003e-03,-3.563395663210882497e-03,0.000000000000000000e+00,-4.841368103623021335e-02,-9.333987927063492132e-03,-9.333987927063492132e-03,-9.333987927063492132e-03,2.010556667482630427e-02,-1.897412643434041868e-02,1.098096243982409626e-01,3.458480887874194193e-02,1.897412643434041868e-02,8.348168132484028170e-02,-5.257365795637857636e-03,-9.333987927063492132e-03,-9.333987927063492132e-03,-9.333987927063492132e-03,-9.333987927063492132e-03,-2.098144844105078594e-02,1.513075742821805014e-01,-2.567840556055716456e-02,1.789157209808862614e-01,-2.936197373332799510e-02,1.809824466811590232e-02,-9.333987927063492132e-03,-9.333987927063492132e-03,-9.333987927063492132e-03,-9.333987927063492132e-03,4.428987669688784490e-02,-3.732586607454447397e-02,-9.408554175282797527e-02,-3.436879574974179008e-02,8.537689181276499062e-02,-9.333987927063492132e-03,-9.333987927063492132e-03,-9.333987927063492132e-03,-9.333987927063492132e-03,-9.333987927063492132e-03,-1.972183522605105294e-02,-7.197053185548168974e-02,5.593733721087516819e-02,-2.805757058217986377e-02,2.010556667482630427e-02,-9.333987927063490397e-03,-9.333987927063490397e-03,-9.333987927063490397e-03,-9.333987927063490397e-03,-9.333987927063490397e-03,-9.333987927063490397e-03,-9.333987927063490397e-03,-9.333987927063490397e-03,-9.333987927063490397e-03,-9.333987927063488663e-03,-9.333987927063490397e-03,-9.333987927063490397e-03,-9.333987927063490397e-03
8.663407370501800819e-03,8.663407370501991639e-03,8.663407370501915311e-03,8.663407370501943067e-03,8.663407370501953475e-03,8.663407370501953475e-03,8.663407370501950006e-03,8.663407370501913576e-03,8.663407370501943067e-03,8.663407370501934393e-03,8.663407370501934393e-03,8.663407370501934393e-03,8.663407370501934393e-03,8.663407370501934393e-03,8.663407370501934393e-03,-3.318569713907988661e-02,8.663407370501934393e-03,8.663407370501934393e-03,8.663407370501934393e-03,8.663407370501934393e-03,8.663407370501934393e-03,8.663407370501934393e-03,8.663407370501934393e-03,-2.038748174605551841e-02,-6.796015519983410191e-02,1.386518700912045543e-02,1.989306123108575131e-02,4.124082106189803920e-02,8.663407370501934393e-03,8.663407370501934393e-03,8.663407370501934393e-03,8.663407370501934393e-03,8.663407370501934393e-03,-2.341223399622363241e-02,5.120284481682858130e-02,8.121015907367876152e-02,-2.406435385874786462e-02,5.716513717396475014e-02,8.663407370501934393e-03,8.663407370501934393e-03,8.663407370501934393e-03,-9.658045585015307549e-03,-2.341223399622363241e-02,6.474980215874102940e-02,1.791350088953733155e-02,5.419590774281564383e-03,-4.841368103623044233e-02,0.000000000000000000e+00,8.663407370501934393e-03,8.663407370501934393e-03,8.663407370501934393e-03,-9.658045585015307549e-03,9.496434748488709332e-02,-3.184197144414984554e-02,-1.031016544753953629e-02,-9.496434748488709332e-02,-9.930519587344301125e-02,7.143669593082258018e-02,8.663407370501934393e-03,8.663407370501934393e-03,8.663407370501934393e-03,8.663407370501934393e-03,9.048874957945646225e-02,-1.768176536443487323e-02,-3.070594479110346636e-02,-2.436865913651641014e-02,6.018988942413287802e-02,-1.413364349044593342e-02,8.663407370501934393e-03,8.663407370501934393e-03,8.663407370501934393e-03,8.663407370501934393e-03,8.476518063525970148e-02,5.111939741785109792e-02,1.278991779551590102e-02,6.205098546471238263e-02,-1.538161452921209954e-02,8.663407370501934393e-03,8.663407370501934393e-03,8.663407370501934393e-03,8.663407370501934393e-03,8.663407370501934393e-03,-2.611105069025231734e-02,4.891545336090093177e-02,2.939838426305157147e-03,3.405215496514599205e-02,-9.658045585015307549e-03,8.663407370501932658e-03,8.663407370501932658e-03,8.663407370501932658e-03,8.663407370501932658e-03,8.663407370501932658e-03,8.663407370501932658e-03,8.663407370501932658e-03,8.663407370501932658e-03,8.663407370501932658e-03,8.663407370501934393e-03,8.663407370501937863e-03,8.663407370501937863e-03,8.663407370501937863e-03
1.463839084761191754e-02,1.463839084761191754e-02,1.463839084761192275e-02,1.463839084761192795e-02,1.463839084761192275e-02,1.463839084761192622e-02,1.463839084761192275e-02,1.463839084761192101e-02,1.463839084761192622e-02,1.463839084761192275e-02,1.463839084761192275e-02,1.463839084761192275e-02,1.463839084761192275e-02,1.463839084761192275e-02,1.463839084761192275e-02,1.020431288632956193e-02,1.463839084761192275e-02,1.463839084761192275e-02,1.463839084761192275e-02,1.463839084761192275e-02,1.463839084761192275e-02,1.463839084761192275e-02,1.463839084761192275e-02,1.318709422068012685e-02,3.475462259339132109e-03,-4.172578305965270185e-03,2.383376838810619472e-03,3.841169605272323762e-03,1.463839084761192275e-02,1.463839084761192275e-02,1.463839084761192275e-02,1.463839084761192275e-02,1.463839084761192275e-02,1.219081343645011736e-02,-5.114550238848415697e-03,6.215829959340470751e-03,3.590131009910263460e-03,-5.429887832916563406e-03,1.463839084761192275e-02,1.463839084761192275e-02,1.463839084761192275e-02,8.270227055413508638e-03,1.219081343645011736e-02,3.529470718559128695e-03,7.667426978399158322e-03,5.963046788765878625e-03,-9.333987927064040305e-03,8.663407370502300420e-03,0.000000000000000000e+00,1.463839084761192275e-02,1.463839084761192275e-02,8.270227055413508638e-03,2.295243578303875036e-03,3.063138145735222473e-04,-3.304553711263383264e-04,-2.295243578303875036e-03,-2.579258070933523883e-03,4.229329409219963892e-03,1.463839084761192275e-02,1.463839084761192275e-02,1.463839084761192275e-02,1.463839084761192275e-02,6.990350282307508309e-03,3.011588555853844662e-03,6.806522827542162146e-03,2.311729865193026812e-03,-4.433607048686562593e-03,1.296533375941714798e-02,1.463839084761192275e-02,1.463839084761192275e-02,1.463839084761192275e-02,1.463839084761192275e-02,1.712796282248883056e-03,-8.415177377622401478e-04,-3.067334687661099624e-03,-7.518024972694853370e-04,2.992673055354878181e-03,1.463839084761192275e-02,1.463839084761192275e-02,1.463839084761192275e-02,1.463839084761192275e-02,1.463839084761192275e-02,7.909540220621482515e-03,-3.910810726437386614e-03,9.360836847553294024e-03,1.638610956811294150e-02,8.270227055413508638e-03,1.463839084761192275e-02,1.463839084761192275e-02,1.463839084761192275e-02,1.463839084761192275e-02,1.463839084761192275e-02,1.463839084761192275e-02,1.463839084761192275e-02,1.463839084761192275e-02,1.463839084761192275e-02,1.463839084761192448e-02,1.463839084761192448e-02,1.463839084761192622e-02,1.463839084761192622e-02
1.463839084761191754e-02,1.463839084761191754e-02,1.463839084761192275e-02,1.463839084761192795e-02,1.463839084761192275e-02,1.463839084761192622e-02,1.463839084761192275e-02,1.463839084761192101e-02,1.463839084761192622e-02,1.463839084761192275e-02,1.463839084761192275e-02,1.463839084761192275e-02,1.463839084761192275e-02,1.463839084761192275e-02,1.463839084761192275e-02,1.020431288632956193e-02,1.463839084761192275e-02,1.463839084761192275e-02,1.463839084761192275e-02,1.463839084761192275e-02,1.463839084761192275e-02,1.463839084761192275e-02,1.463839084761192275e-02,1.318709422068012685e-02,3.475462259339132109e-03,-4.172578305965270185e-03,2.383376838810619472e-03,3.841169605272323762e-03,1.463839084761192275e-02,1.463839084761192275e-02,1.463839084761192275e-02,1.463839084761192275e-02,1.463839084761192275e-02,1.219081343645011736e-02,-5.114550238848415697e-03,6.215829959340470751e-03,3.590131009910263460e-03,-5.429887832916563406e-03,1.463839084761192275e-02,1.463839084761192275e-02,1.463839084761192275e-02,8.270227055413508638e-03,1.219081343645011736e-02,3.529470718559128695e-03,7.667426978399158322e-03,5.963046788765878625e-03,-9.333987927064040305e-03,8.663407370502300420e-03,1.463839084761192275e-02,0.000000000000000000e+00,1.463839084761192275e-02,8.270227055413508638e-03,2.295243578303875036e-03,3.063138145735222473e-04,-3.304553711263383264e-04,-2.295243578303875036e-03,-2.579258070933523883e-03,4.229329409219963892e-03,1.463839084761192275e-02,1.463839084761192275e-02,1.463839084761192275e-02,1.463839084761192275e-02,6.990350282307508309e-03,3.011588555853844662e-03,6.806522827542162146e-03,2.311729865193026812e-03,-4.433607048686562593e-03,1.296533375941714798e-02,1.463839084761192275e-02,1.463839084761192275e-02,1.463839084761192275e-02,1.463839084761192275e-02,1.712796282248883056e-03,-8.415177377622401478e-04,-3.067334687661099624e-03,-7.518024972694853370e-04,2.992673055354878181e-03,1.463839084761192275e-02,1.463839084761192275e-02,1.463839084761192275e-02,1.463839084761192275e-02,1.463839084761192275e-02,7.909540220621482515e-03,-3.910810726437386614e-03,9.360836847553294024e-03,1.638610956811294150e-02,8.270227055413508638e-03,1.463839084761192275e-02,1.463839084761192275e-02,1.463839084761192275e-02,1.463839084761192275e-02,1.463839084761192275e-02,1.463839084761192275e-02,1.463839084761192275e-02,1.463839084761192275e-02,1.463839084761192275e-02,1.463839084761192448e-02,1.463839084761192448e-02,1.463839084761192622e-02,1.463839084761192622e-02
1.463839084761191754e-02,1.463839084761191754e-02,1.463839084761192275e-02,1.463839084761192795e-02,1.463839084761192275e-02,1.463839084761192622e-02,1.463839084761192275e-02,1.463839084761192101e-02,1.463839084761192622e-02,1.463839084761192275e-02,1.463839084761192275e-02,1.463839084761192275e-02,1.463839084761192275e-02,1.463839084761192275e-02,1.463839084761192275e-02,1.020431288632956193e-02,1.463839084761192275e-02,1.463839084761192275e-02,1.463839084761192275e-02,1.463839084761192275e-02,1.463839084761192275e-02,1.463839084761192275e-02,1.463839084761192275e-02,1.318709422068012685e-02,3.475462259339132109e-03,-4.172578305965270185e-03,2.383376838810619472e-03,3.841169605272323762e-03,1.463839084761192275e-02,1.463839084761192275e-02,1.463839084761192275e-02,1.463839084761192275e-02,1.463839084761192275e-02,1.219081343645011736e-02,-5.114550238848415697e-03,6.215829959340470751e-03,3.590131009910263460e-03,-5.429887832916563406e-03,1.463839084761192275e-02,1.463839084761192275e-02,1.463839084761192275e-02,8.270227055413508638e-03,1.219081343645011736e-02,3.529470718559128695e-03,7.667426978399158322e-03,5.963046788765878625e-03,-9.333987927064040305e-03,8.663407370502300420e-03,1.463839084761192275e-02,1.463839084761192275e-02,0.000000000000000000e+00,8.270227055413508638e-03,2.295243578303875036e-03,3.063138145735222473e-04,-3.304553711263383264e-04,-2.295243578303875036e-03,-2.579258070933523883e-03,4.229329409219963892e-03,1.463839084761192275e-02,1.463839084761192275e-02,1.463839084761192275e-02,1.463839084761192275e-02,6.990350282307508309e-03,3.011588555853844662e-03,6.806522827542162146e-03,2.311729865193026812e-03,-4.433607048686562593e-03,1.296533375941714798e-02,1.463839084761192275e-02,1.463839084761192275e-02,1.463839084761192275e-02,1.463839084761192275e-02,1.712796282248883056e-03,-8.415177377622401478e-04,-3.067334687661099624e-03,-7.518024972694853370e-04,2.992673055354878181e-03,1.463839084761192275e-02,1.463839084761192275e-02,1.463839084761192275e-02,1.463839084761192275e-02,1.463839084761192275e-02,7.909540220621482515e-03,-3.910810726437386614e-03,9.360836847553294024e-03,1.638610956811294150e-02,8.270227055413508638e-03,1.463839084761192275e-02,1.463839084761192275e-02,1.463839084761192275e-02,1.463839084761192275e-02,1.463839084761192275e-02,1.463839084761192275e-02,1.463839084761192275e-02,1.463839084761192275e-02,1.463839084761192275e-02,1.463839084761192448e-02,1.463839084761192448e-02,1.463839084761192622e-02,1.463839084761192622e-02
8.270227055413189449e-03,8.270227055413210265e-03,8.270227055413217204e-03,8.270227055413125264e-03,8.270227055413113121e-03,8.270227055413175571e-03,8.270227055413154754e-03,8.270227055413165163e-03,8.270227055413161693e-03,8.270227055413165163e-03,8.270227055413165163e-03,8.270227055413165163e-03,8.270227055413165163e-03,8.270227055413165163e-03,8.270227055413165163e-03,1.067784707279295295e-02,8.270227055413165163e-03,8.270227055413165163e-03,8.270227055413165163e-03,8.270227055413165163e-03,8.270227055413165163e-03,8.270227055413165163e-03,8.270227055413165163e-03,9.472947024161546686e-03,-2.518112256426888185e-02,-4.757326298930595471e-02,-6.163112406524493686e-02,-2.194400880292815548e-02,8.270227055413165163e-03,8.270227055413165163e-03,8.270227055413165163e-03,8.270227055413165163e-03,8.270227055413165163e-03,-6.581096048413458827e-03,-5.295003420805513561e-02,-2.450936868884188991e-02,-8.734403221812436779e-02,3.182067952235927144e-02,8.270227055413165163e-03,8.270227055413165163e-03,8.270227055413165163e-03,1.016619648724245151e-01,-6.581096048413458827e-03,-5.653634013966375021e-02,1.632040077163046665e-02,-3.359424986148730474e-02,2.010556667482603366e-02,-9.658045585015234691e-03,8.270227055413165163e-03,8.270227055413165163e-03,8.270227055413165163e-03,0.000000000000000000e+00,8.373369223199612910e-02,3.257330381579241069e-02,2.089902870271366508e-02,-8.373369223199612910e-02,4.648780434692736246e-02,-7.250425567635415680e-03,8.270227055413165163e-03,8.270227055413165163e-03,8.270227055413165163e-03,8.270227055413165163e-03,-1.412191336962393719e-02,1.306143303565322766e-02,5.875059761702737526e-03,-3.622448153637511381e-02,4.787472259493426308e-02,3.806359270804500830e-03,8.270227055413165163e-03,8.270227055413165163e-03,8.270227055413165163e-03,8.270227055413165163e-03,-5.118360297543412402e-02,-1.651708066333435615e-02,-2.570181601380393255e-02,-7.754398667289895408e-02,6.460027526661429875e-02,8.270227055413165163e-03,8.270227055413165163e-03,8.270227055413165163e-03,8.270227055413165163e-03,8.270227055413165163e-03,-2.758874258164870780e-02,-6.517112563699396788e-02,-2.879146255039707891e-02,-2.616436441278849334e-02,1.016619648724245151e-01,8.270227055413165163e-03,8.270227055413165163e-03,8.270227055413165163e-03,8.270227055413165163e-03,8.270227055413165163e-03,8.270227055413165163e-03,8.270227055413165163e-03,8.270227055413165163e-03,8.270227055413165163e-03,8.270227055413163428e-03,8.270227055413168632e-03,8.270227055413168632e-03,8.270227055413168632e-03
2.295243578303070991e-03,2.295243578303283495e-03,2.295243578303211070e-03,2.295243578303142983e-03,2.295243578303142983e-03,2.295243578303206300e-03,2.295243578303183749e-03,2.295243578303156860e-03,2.295243578303179845e-03,2.295243578303175942e-03,2.295243578303175509e-03,2.295243578303175509e-03,2.295243578303175509e-03,2.295243578303175509e-03,2.295243578303175509e-03,-3.271216295261648865e-02,2.295243578303175509e-03,2.295243578303175509e-03,2.295243578303175509e-03,2.295243578303175509e-03,2.295243578303175509e-03,2.295243578303175509e-03,2.295243578303175509e-03,-2.410162894257409857e-02,-9.661674002344211587e-02,-2.953549767422023603e-02,-4.412143967296981023e-02,1.545564265369753221e-02,2.295243578303175509e-03,2.295243578303175509e-03,2.295243578303175509e-03,2.295243578303175509e-03,2.295243578303175509e-03,-4.218414348108721901e-02,3.367360847621840569e-03,5.048496042549641127e-02,-1.149985170867824924e-01,9.441570452924059886e-02,2.295243578303175509e-03,2.295243578303175509e-03,2.295243578303175509e-03,8.373369223199569888e-02,-4.218414348108721901e-02,4.683991300518143552e-03,2.656647468276865376e-02,-3.413770587597161899e-02,-1.897412643434037011e-02,9.496434748488682964e-02,2.295243578303175509e-03,2.295243578303175509e-03,2.295243578303175509e-03,8.373369223199569888e-02,0.000000000000000000e+00,4.250185570690429016e-04,1.091931862630048794e-02,-1.764027961385793430e-01,-5.023813345558213184e-02,5.995694095396719714e-02,2.295243578303175509e-03,2.295243578303175509e-03,2.295243578303175509e-03,2.295243578303175509e-03,6.937648592752503063e-02,-7.631920884635490232e-03,-3.163740785694289098e-02,-6.290487053808455076e-02,1.124982190677537297e-01,-2.329261797905859965e-02,2.295243578303175509e-03,2.295243578303175509e-03,2.295243578303175509e-03,2.295243578303175509e-03,3.186878137757666318e-02,3.544383449227898886e-02,-9.844563530626931902e-03,-1.474119871091708611e-02,4.622598768204733144e-02,2.295243578303175509e-03,2.295243578303175509e-03,2.295243578303175509e-03,2.295243578303175509e-03,2.295243578303175509e-03,-6.160933349252250418e-02,-1.234486154965564256e-02,-3.521246097164520972e-02,-8.498319015755428918e-03,8.373369223199569888e-02,2.295243578303175075e-03,2.295243578303175075e-03,2.295243578303175075e-03,2.295243578303175075e-03,2.295243578303175075e-03,2.295243578303175075e-03,2.295243578303175075e-03,2.295243578303175075e-03,2.295243578303175075e-03,2.295243578303176376e-03,2.295243578303179845e-03,2.295243578303179845e-03,2.295243578303179845e-03
3.063138145732998774e-04,3.063138145734102492e-04,3.063138145731910235e-04,3.063138145732686524e-04,3.063138145732078287e-04,3.063138145731982877e-04,3.063138145732128160e-04,3.063138145732197549e-04,3.063138145732533651e-04,3.063138145732491368e-04,3.063138145732474020e-04,3.063138145732474020e-04,3.063138145732474020e-04,3.063138145732474020e-04,3.063138145732474020e-04,9.393588869600744129e-02,3.063138145732474020e-04,3.063138145732474020e-04,3.063138145732474020e-04,3.063138145732474020e-04,3.063138145732474020e-04,3.063138145732474020e-04,3.063138145732474020e-04,-6.092454541096326698e-02,1.078927647136333490e-01,1.324154265849725870e-02,-9.712482595149107834e-02,2.073819581788276245e-02,3.063138145732474020e-04,3.063138145732474020e-04,3.063138145732474020e-04,3.063138145732474020e-04,3.063138145732474020e-04,-4.643722649362352906e-02,-9.102424533040057164e-02,-7.858551175234693154e-02,-3.282373421296656824e-02,2.886921349203462606e-02,3.063138145732474020e-04,3.063138145732474020e-04,3.063138145732474020e-04,3.257330381579228579e-02,-4.643722649362352906e-02,8.746540393140167513e-02,-1.156803986508162518e-01,4.001402089328549155e-03,1.098096243982408515e-01,-3.184197144415014391e-02,3.063138145732474020e-04,3.063138145732474020e-04,3.063138145732474020e-04,3.257330381579228579e-02,4.250185570689084605e-04,0.000000000000000000e+00,4.618679609644924661e-02,-4.250185570689084605e-04,-6.271629727119124031e-02,6.178760343728403881e-02,3.063138145732474020e-04,3.063138145732474020e-04,3.063138145732474020e-04,3.063138145732474020e-04,-9.434490824056290803e-02,-2.332290134025832851e-02,2.244324172760022579e-02,2.354899153859307814e-03,1.438189457469487599e-02,-6.219662298183949861e-02,3.063138145732474020e-04,3.063138145732474020e-04,3.063138145732474020e-04,3.063138145732474020e-04,-1.915717299740042276e-02,-7.220798032753597551e-02,-1.176794430648564621e-01,1.481658202572244676e-01,1.077610390589548439e-01,3.063138145732474020e-04,3.063138145732474020e-04,3.063138145732474020e-04,3.063138145732474020e-04,3.063138145732474020e-04,1.426318983219925125e-02,-1.361212827031280936e-01,7.549404905773576813e-02,7.272765461688765476e-02,3.257330381579228579e-02,3.063138145732470768e-04,3.063138145732470768e-04,3.063138145732470768e-04,3.063138145732470768e-04,3.063138145732470768e-04,3.063138145732470768e-04,3.063138145732470768e-04,3.063138145732470768e-04,3.063138145732470768e-04,3.063138145732554251e-04,3.063138145732550999e-04,3.063138145732569430e-04,3.063138145732569430e-04
-3.304553711261109692e-04,-3.304553711260524223e-04,-3.304553711261003441e-04,-3.304553711260545907e-04,-3.304553711260638064e-04,-3.304553711260301962e-04,-3.304553711260445076e-04,-3.304553711261314607e-04,-3.304553711260481939e-04,-3.304553711260719380e-04,-3.304553711260717211e-04,-3.304553711260717211e-04,-3.304553711260717211e-04,-3.304553711260717211e-04,-3.304553711260717211e-04,-8.624115926891987027e-02,-3.304553711260717211e-04,-3.304553711260717211e-04,-3.304553711260717211e-04,-3.304553711260717211e-04,-3.304553711260717211e-04,-3.304553711260717211e-04,-3.304553711260717211e-04,-5.444442713475675794e-02,-1.149234622603552691e-01,-9.174247459746068256e-02,2.400755763276078009e-02,7.846547799838585191e-02,-3.304553711260717211e-04,-3.304553711260717211e-04,-3.304553711260717211e-04,-3.304553711260717211e-04,-3.304553711260717211e-04,-9.845740492545769496e-02,-7.617002580733667205e-02,-1.084371150018708652e-01,1.291053570351239355e-01,-6.177596215583579242e-02,-3.304553711260717211e-04,-3.304553711260717211e-04,-3.304553711260717211e-04,2.089902870271367202e-02,-9.845740492545769496e-02,-1.085810163803304085e-01,-1.080162537440074177e-03,1.083048063308136300e-01,3.458480887874213622e-02,-1.031016544753921016e-02,-3.304553711260717211e-04,-3.304553711260717211e-04,-3.304553711260717211e-04,2.089902870271367202e-02,1.091931862630057121e-02,4.618679609644944783e-02,0.000000000000000000e+00,-1.091931862630057121e-02,-7.274952610374563200e-02,-9.622086934533299885e-02,-3.304553711260717211e-04,-3.304553711260717211e-04,-3.304553711260717211e-04,-3.304553711260717211e-04,2.285053229176847028e-02,2.838030677044661720e-04,-3.037566339175505614e-03,-1.207634396729292264e-02,-1.776298436513483459e-02,3.283024236818161273e-02,-3.304553711260717211e-04,-3.304553711260717211e-04,-3.304553711260717211e-04,-3.304553711260717211e-04,4.828220106396376166e-02,2.014342132371908095e-02,-1.652581977335508823e-01,-3.913636981743413845e-02,4.633069747490897727e-02,-3.304553711260717211e-04,-3.304553711260717211e-04,-3.304553711260717211e-04,-3.304553711260717211e-04,-3.304553711260717211e-04,-2.901275836256145962e-02,-5.391582506356182303e-02,2.510121340106921672e-02,8.543634714820816378e-02,2.089902870271367202e-02,-3.304553711260722632e-04,-3.304553711260722632e-04,-3.304553711260722632e-04,-3.304553711260722632e-04,-3.304553711260722632e-04,-3.304553711260722632e-04,-3.304553711260722632e-04,-3.304553711260722632e-04,-3.304553711260722632e-04,-3.304553711260719380e-04,-3.304553711260707453e-04,-3.304553711260697696e-04,-3.304553711260697696e-04
-2.295243578303070991e-03,-2.295243578303283495e-03,-2.295243578303211070e-03,-2.295243578303142983e-03,-2.295243578303142983e-03,-2.295243578303206300e-03,-2.295243578303183749e-03,-2.295243578303156860e-03,-2.295243578303179845e-03,-2.295243578303175942e-03,-2.295243578303175509e-03,-2.295243578303175509e-03,-2.295243578303175509e-03,-2.295243578303175509e-03,-2.295243578303175509e-03,3.271216295261648865e-02,-2.295243578303175509e-03,-2.295243578303175509e-03,-2.295243578303175509e-03,-2.295243578303175509e-03,-2.295243578303175509e-03,-2.295243578303175509e-03,-2.295243578303175509e-03,2.410162894257409857e-02,9.661674002344211587e-02,2.953549767422023603e-02,4.412143967296981023e-02,-1.545564265369753221e-02,-2.295243578303175509e-03,-2.295243578303175509e-03,-2.295243578303175509e-03,-2.295243578303175509e-03,-2.295243578303175509e-03,4.218414348108721901e-02,-3.367360847621840569e-03,-5.048496042549641127e-02,1.149985170867824924e-01,-9.441570452924059886e-02,-2.295243578303175509e-03,-2.295243578303175509e-03,-2.295243578303175509e-03,-8.373369223199569888e-02,4.218414348108721901e-02,-4.683991300518143552e-03,-2.656647468276865376e-02,3.413770587597161899e-02,1.897412643434037011e-02,-9.496434748488682964e-02,-2.295243578303175509e-03,-2.295243578303175509e-03,-2.295243578303175509e-03,-8.373369223199569888e-02,-1.764027961385793430e-01,-4.250185570690429016e-04,-1.091931862630048794e-02,0.000000000000000000e+00,5.023813345558213184e-02,-5.995694095396719714e-02,-2.295243578303175509e-03,-2.295243578303175509e-03,-2.295243578303175509e-03,-2.295243578303175509e-03,-6.937648592752503063e-02,7.631920884635490232e-03,3.163740785694289098e-02,6.290487053808455076e-02,-1.124982190677537297e-01,2.329261797905859965e-02,-2.295243578303175509e-03,-2.295243578303175509e-03,-2.295243578303175509e-03,-2.295243578303175509e-03,-3.186878137757666318e-02,-3.544383449227898886e-02,9.844563530626931902e-03,1.474119871091708611e-02,-4.622598768204733144e-02,-2.295243578303175509e-03,-2.295243578303175509e-03,-2.295243578303175509e-03,-2.295243578303175509e-03,-2.295243578303175509e-03,6.160933349252250418e-02,1.234486154965564256e-02,3.521246097164520972e-02,8.498319015755428918e-03,-8.373369223199569888e-02,-2.295243578303175075e-03,-2.295243578303175075e-03,-2.295243578303175075e-03,-2.295243578303175075e-03,-2.295243578303175075e-03,-2.295243578303175075e-03,-2.295243578303175075e-03,-2.295243578303175075e-03,-2.295243578303175075e-03,-2.295243578303176376e-03,-2.295243578303179845e-03,-2.295243578303179845e-03,-2.295243578303179845e-03
-2.579258070934196088e-03,-2.579258070934412495e-03,-2.579258070934258972e-03,-2.579258070934343106e-03,-2.579258070934357851e-03,-2.579258070934322290e-03,-2.579258070934346142e-03,-2.579258070934254202e-03,-2.579258070934358285e-03,-2.579258070934327060e-03,-2.579258070934326626e-03,-2.579258070934326626e-03,-2.579258070934326626e-03,-2.579258070934326626e-03,-2.579258070934326626e-03,-8.533642765107457562e-03,-2.579258070934326626e-03,-2.579258070934326626e-03,-2.579258070934326626e-03,-2.579258070934326626e-03,-2.579258070934326626e-03,-2.579258070934326626e-03,-2.579258070934326626e-03,6.511807881605957693e-02,8.277415579622611486e-02,9.311717819853557176e-02,4.719774055431795456e-02,-5.015154778974943717e-02,-2.579258070934326626e-03,-2.579258070934326626e-03,-2.579258070934326626e-03,-2.579258070934326626e-03,-2.579258070934326626e-03,1.077325117134336901e-01,-1.822444368287564481e-02,1.100657391092442136e-02,-1.150481873723830858e-02,8.368409800312512359e-02,-2.579258070934326626e-03,-2.579258070934326626e-03,-2.579258070934326626e-03,4.648780434692677960e-02,1.077325117134336901e-01,-1.218079893815335185e-01,-6.064672577095184258e-03,-1.020253701281402525e-01,8.348168132484048987e-02,-9.930519587344360799e-02,-2.579258070934326626e-03,-2.579258070934326626e-03,-2.579258070934326626e-03,4.648780434692677960e-02,-5.023813345558254123e-02,-6.271629727119160114e-02,-7.274952610374521567e-02,5.023813345558254123e-02,0.000000000000000000e+00,-1.052595805676167506e-01,-2.579258070934326626e-03,-2.579258070934326626e-03,-2.579258070934326626e-03,-2.579258070934326626e-03,7.763764331375181890e-03,2.735256604655661450e-02,-1.315902164966529786e-01,1.080415723263977029e-02,4.106966510575096874e-02,1.044897021338844351e-01,-2.579258070934326626e-03,-2.579258070934326626e-03,-2.579258070934326626e-03,-2.579258070934326626e-03,3.137422600571480868e-02,-1.212471940943434801e-01,-5.030704762780031924e-02,-1.408119606045680761e-01,7.009826602126639772e-02,-2.579258070934326626e-03,-2.579258070934326626e-03,-2.579258070934326626e-03,-2.579258070934326626e-03,-2.579258070934326626e-03,8.872854049039921587e-02,-2.074220125928762440e-02,2.103120360340528933e-02,-1.294394366692191434e-01,4.648780434692677960e-02,-2.579258070934327060e-03,-2.579258070934327060e-03,-2.579258070934327060e-03,-2.579258070934327060e-03,-2.579258070934327060e-03,-2.579258070934327060e-03,-2.579258070934327060e-03,-2.579258070934327060e-03,-2.579258070934327060e-03,-2.579258070934330096e-03,-2.579258070934330530e-03,-2.579258070934329662e-03,-2.579258070934329662e-03
4.229329409219829451e-03,4.229329409219988178e-03,4.229329409219865013e-03,4.229329409219878891e-03,4.229329409219819043e-03,4.229329409219838125e-03,4.229329409219824247e-03,4.229329409219867615e-03,4.229329409219853737e-03,4.229329409219865013e-03,4.229329409219865013e-03,4.229329409219865013e-03,4.229329409219865013e-03,4.229329409219865013e-03,4.229329409219865013e-03,1.062936684493040046e-01,4.229329409219865013e-03,4.229329409219865013e-03,4.229329409219865013e-03,4.229329409219865013e-03,4.229329409219865013e-03,4.229329409219865013e-03,4.229329409219865013e-03,-5.296189739619718700e-02,5.827627780928956724e-02,9.558081879108221157e-02,-1.547162357876927762e-02,-3.650039298333490612e-03,4.229329409219865013e-03,4.229329409219865013e-03,4.229329409219865013e-03,4.229329409219865013e-03,4.229329409219865013e-03,-1.585960941093650031e-02,7.064692732000076025e-03,5.134775711066622006e-02,-1.048300531886344894e-01,4.904183829921364424e-02,4.229329409219865013e-03,4.229329409219865013e-03,4.229329409219865013e-03,-7.250425567635349761e-03,-1.585960941093650031e-02,1.112119499501832975e-01,-7.001510226915322321e-02,-1.263814262810086103e-02,-5.257365795638175091e-03,7.143669593082260794e-02,4.229329409219865013e-03,4.229329409219865013e-03,4.229329409219865013e-03,-7.250425567635349761e-03,5.995694095396738449e-02,6.178760343728433718e-02,-9.622086934533334579e-02,-5.995694095396738449e-02,-1.052595805676162649e-01,0.000000000000000000e+00,4.229329409219865013e-03,4.229329409219865013e-03,4.229329409219865013e-03,4.229329409219865013e-03,4.153387039101246597e-02,5.933763803653788194e-02,8.025236024658063960e-02,-2.951446984185604472e-03,1.193955031395298357e-02,-2.567349613059023011e-02,4.229329409219865013e-03,4.229329409219865013e-03,4.229329409219865013e-03,4.229329409219865013e-03,5.070770655641509972e-02,1.175569012283732562e-01,7.017956114260989753e-02,8.328349813032526194e-02,1.923410597767290925e-03,4.229329409219865013e-03,4.229329409219865013e-03,4.229329409219865013e-03,4.229329409219865013e-03,4.229329409219865013e-03,-4.378806123079456020e-02,-2.271094173207155800e-02,1.340316557462250743e-02,-3.797081679134720056e-02,-7.250425567635349761e-03,4.229329409219865013e-03,4.229329409219865013e-03,4.229329409219865013e-03,4.229329409219865013e-03,4.229329409219865013e-03,4.229329409219865013e-03,4.229329409219865013e-03,4.229329409219865013e-03,4.229329409219865013e-03,4.229329409219867615e-03,4.229329409219866748e-03,4.229329409219866748e-03,4.229329409219866748e-03
1.463839084761191754e-02,1.463839084761191754e-02,1.463839084761192275e-02,1.463839084761192795e-02,1.463839084761192275e-02,1.463839084761192622e-02,1.463839084761192275e-02,1.463839084761192101e-02,1.463839084761192622e-02,1.463839084761192275e-02,1.463839084761192275e-02,1.463839084761192275e-02,1.463839084761192275e-02,1.463839084761192275e-02,1.463839084761192275e-02,1.020431288632956193e-02,1.463839084761192275e-02,1.463839084761192275e-02,1.463839084761192275e-02,1.463839084761192275e-02,1.463839084761192275e-02,1.463839084761192275e-02,1.463839084761192275e-02,1.318709422068012685e-02,3.475462259339132109e-03,-4.172578305965270185e-03,2.383376838810619472e-03,3.841169605272323762e-03,1.463839084761192275e-02,1.463839084761192275e-02,1.463839084761192275e-02,1.463839084761192275e-02,1.463839084761192275e-02,1.219081343645011736e-02,-5.114550238848415697e-03,6.215829959340470751e-03,3.590131009910263460e-03,-5.429887832916563406e-03,1.463839084761192275e-02,1.463839084761192275e-02,1.463839084761192275e-02,8.270227055413508638e-03,1.219081343645011736e-02,3.529470718559128695e-03,7.667426978399158322e-03,5.963046788765878625e-03,-9.333987927064040305e-03,8.663407370502300420e-03,1.463839084761192275e-02,1.463839084761192275e-02,1.463839084761192275e-02,8.270227055413508638e-03,2.295243578303875036e-03,3.063138145735222473e-04,-3.304553711263383264e-04,-2.295243578303875036e-03,-2.579258070933523883e-03,4.229329409219963892e-03,0.000000000000000000e+00,1.463839084761192275e-02,1.463839084761192275e-02,1.463839084761192275e-02,6.990350282307508309e-03,3.011588555853844662e-03,6.806522827542162146e-03,2.311729865193026812e-03,-4.433607048686562593e-03,1.296533375941714798e-02,1.463839084761192275e-02,1.463839084761192275e-02,1.463839084761192275e-02,1.463839084761192275e-02,1.712796282248883056e-03,-8.415177377622401478e-04,-3.067334687661099624e-03,-7.518024972694853370e-04,2.992673055354878181e-03,1.463839084761192275e-02,1.463839084761192275e-02,1.463839084761192275e-02,1.463839084761192275e-02,1.463839084761192275e-02,7.909540220621482515e-03,-3.910810726437386614e-03,9.360836847553294024e-03,1.638610956811294150e-02,8.270227055413508638e-03,1.463839084761192275e-02,1.463839084761192275e-02,1.463839084761192275e-02,1.463839084761192275e-02,1.463839084761192275e-02,1.463839084761192275e-02,1.463839084761192275e-02,1.463839084761192275e-02,1.463839084761192275e-02,1.463839084761192448e-02,1.463839084761192448e-02,1.463839084761192622e-02,1.463839084761192622e-02
1.463839084761191754e-02,1.463839084761191754e-02,1.463839084761192275e-02,1.463839084761192795e-02,1.463839084761192275e-02,1.463839084761192622e-02,1.463839084761192275e-02,1.463839084761192101e-02,1.463839084761192622e-02,1.463839084761192275e-02,1.463839084761192275e-02,1.463839084761192275e-02,1.463839084761192275e-02,1.463839084761192275e-02,1.463839084761192275e-02,1.020431288632956193e-02,1.463839084761192275e-02,1.463839084761192275e-02,1.463839084761192275e-02,1.463839084761192275e-02,1.463839084761192275e-02,1.463839084761192275e-02,1.463839084761192275e-02,1.318709422068012685e-02,3.475462259339132109e-03,-4.172578305965270185e-03,2.383376838810619472e-03,3.841169605272323762e-03,1.463839084761192275e-02,1.463839084761192275e-02,1.463839084761192275e-02,1.463839084761192275e-02,1.463839084761192275e-02,1.219081343645011736e-02,-5.114550238848415697e-03,6.215829959340470751e-03,3.590131009910263460e-03,-5.429887832916563406e-03,1.463839084761192275e-02,1.463839084761192275e-02,1.463839084761192275e-02,8.270227055413508638e-03,1.219081343645011736e-02,3.529470718559128695e-03,7.667426978399158322e-03,5.963046788765878625e-03,-9.333987927064040305e-03,8.663407370502300420e-03,1.463839084761192275e-02,1.463839084761192275e-02,1.463839084761192275e-02,8.270227055413508638e-03,2.295243578303875036e-03,3.063138145735222473e-04,-3.304553711263383264e-04,-2.295243578303875036e-03,-2.579258070933523883e-03,4.229329409219963892e-03,1.463839084761192275e-02,0.000000000000000000e+00,1.463839084761192275e-02,1.463839084761192275e-02,6.990350282307508309e-03,3.011588555853844662e-03,6.806522827542162146e-03,2.311729865193026812e-03,-4.433607048686562593e-03,1.296533375941714798e-02,1.463839084761192275e-02,1.463839084761192275e-02,1.463839084761192275e-02,1.463839084761192275e-02,1.712796282248883056e-03,-8.415177377622401478e-04,-3.067334687661099624e-03,-7.518024972694853370e-04,2.992673055354878181e-03,1.463839084761192275e-02,1.463839084761192275e-02,1.463839084761192275e-02,1.463839084761192275e-02,1.463839084761192275e-02,7.909540220621482515e-03,-3.910810726437386614e-03,9.360836847553294024e-03,1.638610956811294150e-02,8.270227055413508638e-03,1.463839084761192275e-02,1.463839084761192275e-02,1.463839084761192275e-02,1.463839084761192275e-02,1.463839084761192275e-02,1.463839084761192275e-02,1.463839084761192275e-02,1.463839084761192275e-02,1.463839084761192275e-02,1.463839084761192448e-02,1.463839084761192448e-02,1.463839084761192622e-02,1.463839084761192622e-02
1.463839084761191754e-02,1.463839084761191754e-02,1.463839084761192275e-02,1.463839084761192795e-02,1.463839084761192275e-02,1.463839084761192622e-02,1.463839084761192275e-02,1.463839084761192101e-02,1.463839084761192622e-02,1.463839084761192275e-02,1.463839084761192275e-02,1.463839084761192275e-02,1.463839084761192275e-02,1.463839084761192275e-02,1.463839084761192275e-02,1.020431288632956193e-02,1.463839084761192275e-02,1.463839084761192275e-02,1.463839084761192275e-02,1.463839084761192275e-02,1.463839084761192275e-02,1.463839084761192275e-02,1.463839084761192275e-02,1.318709422068012685e-02,3.475462259339132109e-03,-4.172578305965270185e-03,2.383376838810619472e-03,3.841169605272323762e-03,1.463839084761192275e-02,1.463839084761192275e-02,1.463839084761192275e-02,1.463839084761192275e-02,1.463839084761192275e-02,1.219081343645011736e-02,-5.114550238848415697e-03,6.215829959340470751e-03,3.590131009910263460e-03,-5.429887832916563406e-03,1.463839084761192275e-02,1.463839084761192275e-02,1.463839084761192275e-02,8.270227055413508638e-03,1.219081343645011736e-02,3.529470718559128695e-03,7.667426978399158322e-03,5.963046788765878625e-03,-9.333987927064040305e-03,8.663407370502300420e-03,1.463839084761192275e-02,1.463839084761192275e-02,1.463839084761192275e-02,8.270227055413508638e-03,2.295243578303875036e-03,3.063138145735222473e-04,-3.304553711263383264e-04,-2.295243578303875036e-03,-2.579258070933523883e-03,4.229329409219963892e-03,1.463839084761192275e-02,1.463839084761192275e-02,0.000000000000000000e+00,1.463839084761192275e-02,6.990350282307508309e-03,3.011588555853844662e-03,6.806522827542162146e-03,2.311729865193026812e-03,-4.433607048686562593e-03,1.296533375941714798e-02,1.463839084761192275e-02,1.463839084761192275e-02,1.463839084761192275e-02,1.463839084761192275e-02,1.712796282248883056e-03,-8.415177377622401478e-04,-3.067334687661099624e-03,-7.518024972694853370e-04,2.992673055354878181e-03,1.463839084761192275e-02,1.463839084761192275e-02,1.463839084761192275e-02,1.463839084761192275e-02,1.463839084761192275e-02,7.909540220621482515e-03,-3.910810726437386614e-03,9.360836847553294024e-03,1.638610956811294150e-02,8.270227055413508638e-03,1.463839084761192275e-02,1.463839084761192275e-02,1.463839084761192275e-02,1.463839084761192275e-02,1.463839084761192275e-02,1.463839084761192275e-02,1.463839084761192275e-02,1.463839084761192275e-02,1.463839084761192275e-02,1.463839084761192448e-02,1.463839084761192448e-02,1.463839084761192622e-02,1.463839084761192622e-02
1.463839084761191754e-02,1.463839084761191754e-02,1.463839084761192275e-02,1.463839084761192795e-02,1.463839084761192275e-02,1.463839084761192622e-02,1.463839084761192275e-02,1.463839084761192101e-02,1.463839084761192622e-02,1.463839084761192275e-02,1.463839084761192275e-02,1.463839084761192275e-02,1.463839084761192275e-02,1.463839084761192275e-02,1.463839084761192275e-02,1.020431288632956193e-02,1.463839084761192275e-02,1.463839084761192275e-02,1.463839084761192275e-02,1.463839084761192275e-02,1.463839084761192275e-02,1.463839084761192275e-02,1.463839084761192275e-02,1.318709422068012685e-02,3.475462259339132109e-03,-4.172578305965270185e-03,2.383376838810619472e-03,3.841169605272323762e-03,1.463839084761192275e-02,1.463839084761192275e-02,1.463839084761192275e-02,1.463839084761192275e-02,1.463839084761192275e-02,1.219081343645011736e-02,-5.114550238848415697e-03,6.215829959340470751e-03,3.590131009910263460e-03,-5.429887832916563406e-03,1.463839084761192275e-02,1.463839084761192275e-02,1.463839084761192275e-02,8.270227055413508638e-03,1.219081343645011736e-02,3.529470718559128695e-03,7.667426978399158322e-03,5.963046788765878625e-03,-9.333987927064040305e-03,8.663407370502300420e-03,1.463839084761192275e-02,1.463839084761192275e-02,1.463839084761192275e-02,8.270227055413508638e-03,2.295243578303875036e-03,3.063138145735222473e-04,-3.304553711263383264e-04,-2.295243578303875036e-03,-2.579258070933523883e-03,4.229329409219963892e-03,1.463839084761192275e-02,1.463839084761192275e-02,1.463839084761192275e-02,0.000000000000000000e+00,6.990350282307508309e-03,3.011588555853844662e-03,6.806522827542162146e-03,2.311729865193026812e-03,-4.433607048686562593e-03,1.296533375941714798e-02,1.463839084761192275e-02,1.463839084761192275e-02,1.463839084761192275e-02,1.463839084761192275e-02,1.712796282248883056e-03,-8.415177377622401478e-04,-3.067334687661099624e-03,-7.518024972694853370e-04,2.992673055354878181e-03,1.463839084761192275e-02,1.463839084761192275e-02,1.463839084761192275e-02,1.463839084761192275e-02,1.463839084761192275e-02,7.909540220621482515e-03,-3.910810726437386614e-03,9.360836847553294024e-03,1.638610956811294150e-02,8.270227055413508638e-03,1.463839084761192275e-02,1.463839084761192275e-02,1.463839084761192275e-02,1.463839084761192275e-02,1.463839084761192275e-02,1.463839084761192275e-02,1.463839084761192275e-02,1.463839084761192275e-02,1.463839084761192275e-02,1.463839084761192448e-02,1.463839084761192448e-02,1.463839084761192622e-02,1.463839084761192622e-02
6.990350282307236825e-03,6.990350282307258509e-03,6.990350282307353919e-03,6.990350282307345245e-03,6.990350282307332234e-03,6.990350282307368664e-03,6.990350282307333969e-03,6.990350282307321826e-03,6.990350282307332234e-03,6.990350282307334837e-03,6.990350282307334837e-03,6.990350282307334837e-03,6.990350282307334837e-03,6.990350282307334837e-03,6.990350282307334837e-03,-4.196452890613661113e-02,6.990350282307334837e-03,6.990350282307334837e-03,6.990350282307334837e-03,6.990350282307334837e-03,6.990350282307334837e-03,6.990350282307334837e-03,6.990350282307334837e-03,-2.182498308824936881e-02,-9.494984621473587239e-02,9.898861740423647859e-02,1.072515288248313964e-01,-1.868716886582237613e-02,6.990350282307334837e-03,6.990350282307334837e-03,6.990350282307334837e-03,6.990350282307334837e-03,6.990350282307334837e-03,-2.857871902991702615e-02,7.898386507551560798e-02,5.491968026723226259e-02,8.393726631475376121e-03,9.637432677258358366e-03,6.990350282307334837e-03,6.990350282307334837e-03,6.990350282307334837e-03,-1.412191336962405341e-02,-2.857871902991702615e-02,-1.133330665663560832e-03,-2.333251829833651869e-02,-5.937913663367133665e-02,-2.098144844105097329e-02,9.048874957945665654e-02,6.990350282307334837e-03,6.990350282307334837e-03,6.990350282307334837e-03,-1.412191336962405341e-02,6.937648592752526655e-02,-9.434490824056249170e-02,2.285053229176835232e-02,-6.937648592752526655e-02,7.763764331375294647e-03,4.153387039101276434e-02,6.990350282307334837e-03,6.990350282307334837e-03,6.990350282307334837e-03,6.990350282307334837e-03,0.000000000000000000e+00,6.696800020559927347e-02,-8.416403188407273195e-02,2.430079914892298992e-02,1.639116861892601917e-02,1.174304146041303537e-01,6.990350282307334837e-03,6.990350282307334837e-03,6.990350282307334837e-03,6.990350282307334837e-03,1.767588299632371074e-01,1.097744317348996745e-01,-6.505003526970450090e-02,-1.854957866203842815e-02,-3.829189730766663358e-02,6.990350282307334837e-03,6.990350282307334837e-03,6.990350282307334837e-03,6.990350282307334837e-03,6.990350282307334837e-03,-4.599496702629194550e-02,-4.026514001930310560e-02,-1.717963365573522277e-02,-1.077814621445738474e-04,-1.412191336962405341e-02,6.990350282307336571e-03,6.990350282307336571e-03,6.990350282307336571e-03,6.990350282307336571e-03,6.990350282307336571e-03,6.990350282307336571e-03,6.990350282307336571e-03,6.990350282307336571e-03,6.990350282307336571e-03,6.990350282307331367e-03,6.990350282307334837e-03,6.990350282307332234e-03,6.990350282307332234e-03
3.011588555854822179e-03,3.011588555854878124e-03,3.011588555854862511e-03,3.011588555854809602e-03,3.011588555854774040e-03,3.011588555854818276e-03,3.011588555854805699e-03,3.011588555854810036e-03,3.011588555854814372e-03,3.011588555854810036e-03,3.011588555854813071e-03,3.011588555854813071e-03,3.011588555854813071e-03,3.011588555854813071e-03,3.011588555854813071e-03,8.003099195682741862e-02,3.011588555854813071e-03,3.011588555854813071e-03,3.011588555854813071e-03,3.011588555854813071e-03,3.011588555854813071e-03,3.011588555854813071e-03,3.011588555854813071e-03,-2.114286338356301601e-02,4.513934856252124761e-02,1.090957602122665515e-01,-7.739500016703428076e-02,1.177220963181954821e-01,3.011588555854813071e-03,3.011588555854813071e-03,3.011588555854813071e-03,3.011588555854813071e-03,3.011588555854813071e-03,-3.245540060897024459e-02,1.071471153975625812e-01,-5.314875452925893473e-02,-4.523303057692003304e-02,-5.383610150434800512e-02,3.011588555854813071e-03,3.011588555854813071e-03,3.011588555854813071e-03,1.306143303565395972e-02,-3.245540060897024459e-02,-7.879589745028248160e-02,1.043048358336658987e-01,8.250739339867304428e-03,1.513075742821799186e-01,-1.768176536443384975e-02,3.011588555854813071e-03,3.011588555854813071e-03,3.011588555854813071e-03,1.306143303565395972e-02,-7.631920884634693127e-03,-2.332290134025788095e-02,2.838030677041886163e-04,7.631920884634693127e-03,2.735256604655669083e-02,5.933763803653872848e-02,3.011588555854813071e-03,3.011588555854813071e-03,3.011588555854813071e-03,3.011588555854813071e-03,6.696800020560006450e-02,0.000000000000000000e+00,9.600733419572810012e-02,1.519949212572690445e-01,-4.252356427894077306e-02,8.766135412588872688e-02,3.011588555854813071e-03,3.011588555854813071e-03,3.011588555854813071e-03,3.011588555854813071e-03,5.623080875071179152e-02,1.599637458454733485e-01,1.569253917119652064e-02,-7.822055167976349477e-02,2.324241580765721432e-03,3.011588555854813071e-03,3.011588555854813071e-03,3.011588555854813071e-03,3.011588555854813071e-03,3.011588555854813071e-03,-3.188005483845129939e-02,-7.206405568466429934e-02,-7.725602899033450800e-03,-9.965495776614127776e-02,1.306143303565395972e-02,3.011588555854813505e-03,3.011588555854813505e-03,3.011588555854813505e-03,3.011588555854813505e-03,3.011588555854813505e-03,3.011588555854813505e-03,3.011588555854813505e-03,3.011588555854813505e-03,3.011588555854813505e-03,3.011588555854809602e-03,3.011588555854810903e-03,3.011588555854809168e-03,3.011588555854809168e-03
6.806522827543130989e-03,6.806522827543180429e-03,6.806522827543091091e-03,6.806522827543072009e-03,6.806522827543006089e-03,6.806522827543047723e-03,6.806522827543026039e-03,6.806522827543068539e-03,6.806522827543054661e-03,6.806522827543062468e-03,6.806522827543062468e-03,6.806522827543062468e-03,6.806522827543062468e-03,6.806522827543062468e-03,6.806522827543062468e-03,1.177648278652267816e-01,6.806522827543062468e-03,6.806522827543062468e-03,6.806522827543062468e-03,6.806522827543062468e-03,6.806522827543062468e-03,6.806522827543062468e-03,6.806522827543062468e-03,-4.404411746120284049e-02,6.012179231849958116e-02,-3.084876239311575702e-02,-3.457207679039317472e-02,3.171472099303276893e-02,6.806522827543062468e-03,6.806522827543062468e-03,6.806522827543062468e-03,6.806522827543062468e-03,6.806522827543062468e-03,-1.955763079111640448e-02,-1.063176551441285811e-01,-5.707009840976207116e-02,-2.847025689199572315e-02,-6.479395673358279151e-02,6.806522827543062468e-03,6.806522827543062468e-03,6.806522827543062468e-03,5.875059761703552846e-03,-1.955763079111640448e-02,-3.370952118588383534e-02,-1.234352403773193718e-02,1.389497116334389715e-01,-2.567840556055772661e-02,-3.070594479110256431e-02,6.806522827543062468e-03,6.806522827543062468e-03,6.806522827543062468e-03,5.875059761703552846e-03,-3.163740785694208607e-02,2.244324172760051722e-02,-3.037566339175734598e-03,3.163740785694208607e-02,-1.315902164966528121e-01,8.025236024658112532e-02,6.806522827543062468e-03,6.806522827543062468e-03,6.806522827543062468e-03,6.806522827543062468e-03,-8.416403188407227398e-02,9.600733419572796135e-02,0.000000000000000000e+00,-1.795454723673699238e-02,-8.928044340366921017e-02,-4.665156426542661772e-02,6.806522827543062468e-03,6.806522827543062468e-03,6.806522827543062468e-03,6.806522827543062468e-03,-9.095642714205354196e-02,1.657298572174885631e-01,1.419731504030528613e-01,-6.498840311395151503e-02,-9.173354962776596178e-04,6.806522827543062468e-03,6.806522827543062468e-03,6.806522827543062468e-03,6.806522827543062468e-03,6.806522827543062468e-03,-5.083651271918410153e-02,2.422245010738796958e-02,1.412756956182311535e-05,-8.079120498626238267e-02,5.875059761703552846e-03,6.806522827543063335e-03,6.806522827543063335e-03,6.806522827543063335e-03,6.806522827543063335e-03,6.806522827543063335e-03,6.806522827543063335e-03,6.806522827543063335e-03,6.806522827543063335e-03,6.806522827543063335e-03,6.806522827543063335e-03,6.806522827543062468e-03,6.806522827543063335e-03,6.806522827543063335e-03
2.311729865194341732e-03,2.311729865194359513e-03,2.311729865194310941e-03,2.311729865194360380e-03,2.311729865194436708e-03,2.311729865194343900e-03,2.311729865194409386e-03,2.311729865194372957e-03,2.311729865194385100e-03,2.311729865194366018e-03,2.311729865194366452e-03,2.311729865194366452e-03,2.311729865194366452e-03,2.311729865194366452e-03,2.311729865194366452e-03,2.372894201752503984e-02,2.311729865194366452e-03,2.311729865194366452e-03,2.311729865194366452e-03,2.311729865194366452e-03,2.311729865194366452e-03,2.311729865194366452e-03,2.311729865194366452e-03,-3.095532177060907400e-02,-2.620672008618177631e-02,-4.217650802452309333e-03,-1.469148731633498350e-01,6.523964035159639241e-02,2.311729865194366452e-03,2.311729865194366452e-03,2.311729865194366452e-03,2.311729865194366452e-03,2.311729865194366452e-03,5.060657245247585090e-02,1.741731022128442385e-01,2.392618345076610864e-02,7.475471002155664735e-02,-3.127863841870559547e-02,2.311729865194366452e-03,2.311729865194366452e-03,2.311729865194366452e-03,-3.622448153637403134e-02,5.060657245247585090e-02,7.917417460890306680e-02,4.864119918369627649e-02,-5.604036985697040396e-02,1.789157209808856785e-01,-2.436865913651537971e-02,2.311729865194366452e-03,2.311729865194366452e-03,2.311729865194366452e-03,-3.622448153637403134e-02,-6.290487053808378748e-02,2.354899153859647820e-03,-1.207634396729331122e-02,6.290487053808378748e-02,1.080415723263990213e-02,-2.951446984184740580e-03,2.311729865194366452e-03,2.311729865194366452e-03,2.311729865194366452e-03,2.311729865194366452e-03,2.430079914892378096e-02,1.519949212572695441e-01,-1.795454723673645808e-02,0.000000000000000000e+00,-1.128405326417905308e-01,5.098118815063350240e-02,2.311729865194366452e-03,2.311729865194366452e-03,2.311729865194366452e-03,2.311729865194366452e-03,7.632188681020470739e-03,4.034522046992970734e-03,-2.960714528696814160e-02,-1.905633008208516832e-02,-5.289309200427733115e-02,2.311729865194366452e-03,2.311729865194366452e-03,2.311729865194366452e-03,2.311729865194366452e-03,2.311729865194366452e-03,-4.762393223851239810e-02,-6.769296790720213952e-02,-1.435688060270893726e-02,3.614250887100067811e-02,-3.622448153637403134e-02,2.311729865194366886e-03,2.311729865194366886e-03,2.311729865194366886e-03,2.311729865194366886e-03,2.311729865194366886e-03,2.311729865194366886e-03,2.311729865194366886e-03,2.311729865194366886e-03,2.311729865194366886e-03,2.311729865194365584e-03,2.311729865194365151e-03,2.311729865194363416e-03,2.311729865194363416e-03
-4.433607048688087415e-03,-4.433607048687929555e-03,-4.433607048687978995e-03,-4.433607048688023231e-03,-4.433607048688045782e-03,-4.433607048687986801e-03,-4.433607048688012822e-03,-4.433607048688042312e-03,-4.433607048688015424e-03,-4.433607048688019761e-03,-4.433607048688020628e-03,-4.433607048688020628e-03,-4.433607048688020628e-03,-4.433607048688020628e-03,-4.433607048688020628e-03,-5.268394615886769217e-02,-4.433607048688020628e-03,-4.433607048688020628e-03,-4.433607048688020628e-03,-4.433607048688020628e-03,-4.433607048688020628e-03,-4.433607048688020628e-03,-4.433607048688020628e-03,5.529407719044273500e-02,3.821396734510520976e-02,5.903874301271854613e-02,1.673348219296307698e-02,8.069572490128672226e-02,-4.433607048688020628e-03,-4.433607048688020628e-03,-4.433607048688020628e-03,-4.433607048688020628e-03,-4.433607048688020628e-03,-5.833785723663631462e-02,1.151064807015986929e-02,6.285639236183530182e-03,-1.239755641967041772e-01,8.976419814464678404e-02,-4.433607048688020628e-03,-4.433607048688020628e-03,-4.433607048688020628e-03,4.787472259493317367e-02,-5.833785723663631462e-02,-5.837741804889713670e-02,1.092531798755753958e-01,-9.859875028648393269e-03,-2.936197373332748856e-02,6.018988942413180943e-02,-4.433607048688020628e-03,-4.433607048688020628e-03,-4.433607048688020628e-03,4.787472259493317367e-02,1.124982190677530219e-01,1.438189457469458282e-02,-1.776298436513464724e-02,-1.124982190677530219e-01,4.106966510575126711e-02,1.193955031395216304e-02,-4.433607048688020628e-03,-4.433607048688020628e-03,-4.433607048688020628e-03,-4.433607048688020628e-03,1.639116861892538080e-02,-4.252356427894142532e-02,-8.928044340367011222e-02,-1.128405326417907528e-01,0.000000000000000000e+00,-4.823232785389443278e-02,-4.433607048688020628e-03,-4.433607048688020628e-03,-4.433607048688020628e-03,-4.433607048688020628e-03,4.756139788376743949e-02,-6.845566773605671340e-02,-1.883351287966780752e-02,8.642474564302402018e-02,7.904495185977522542e-02,-4.433607048688020628e-03,-4.433607048688020628e-03,-4.433607048688020628e-03,-4.433607048688020628e-03,-4.433607048688020628e-03,8.646430645528482839e-02,6.058705549535392532e-02,2.673662221615405454e-02,-2.084632522358900730e-02,4.787472259493317367e-02,-4.433607048688018894e-03,-4.433607048688018894e-03,-4.433607048688018894e-03,-4.433607048688018894e-03,-4.433607048688018894e-03,-4.433607048688018894e-03,-4.433607048688018894e-03,-4.433607048688018894e-03,-4.433607048688018894e-03,-4.433607048688013690e-03,-4.433607048688013690e-03,-4.433607048688011955e-03,-4.433607048688011955e-03
1.296533375941735441e-02,1.296533375941718441e-02,1.296533375941736135e-02,1.296533375941732839e-02,1.296533375941730237e-02,1.296533375941733707e-02,1.296533375941730584e-02,1.296533375941733186e-02,1.296533375941731278e-02,1.296533375941732319e-02,1.296533375941732492e-02,1.296533375941732492e-02,1.296533375941732492e-02,1.296533375941732492e-02,1.296533375941732492e-02,1.425481119272833941e-03,1.296533375941732492e-02,1.296533375941732492e-02,1.296533375941732492e-02,1.296533375941732492e-02,1.296533375941732492e-02,1.296533375941732492e-02,1.296533375941732492e-02,1.174959287848627645e-02,-2.351422875556262448e-02,8.095085208915077379e-02,8.974184443255626975e-02,-5.608682032244804994e-02,1.296533375941732492e-02,1.296533375941732492e-02,1.296533375941732492e-02,1.296533375941732492e-02,1.296533375941732492e-02,7.024328402756723627e-03,2.266647001983861792e-02,-2.007464884710603858e-02,3.604821150013350073e-02,-5.295759232962296559e-02,1.296533375941732492e-02,1.296533375941732492e-02,1.296533375941732492e-02,3.806359270804769712e-03,7.024328402756723627e-03,-6.235366210584546154e-02,-3.357859220947470580e-02,-5.883568061918700853e-02,1.809824466811542354e-02,-1.413364349044540086e-02,1.296533375941732492e-02,1.296533375941732492e-02,1.296533375941732492e-02,3.806359270804769712e-03,-2.329261797905796474e-02,-6.219662298183911697e-02,3.283024236818153641e-02,2.329261797905796474e-02,1.044897021338847820e-01,-2.567349613058984847e-02,1.296533375941732492e-02,1.296533375941732492e-02,1.296533375941732492e-02,1.296533375941732492e-02,1.174304146041307007e-01,8.766135412588797748e-02,-4.665156426542709650e-02,5.098118815063239911e-02,-4.823232785389341970e-02,0.000000000000000000e+00,1.296533375941732492e-02,1.296533375941732492e-02,1.296533375941732492e-02,1.296533375941732492e-02,9.370644561022631325e-02,5.781351657928630178e-02,-8.090728775288150154e-02,-8.135236662402030305e-02,-1.991760972309964545e-02,1.296533375941732492e-02,1.296533375941732492e-02,1.296533375941732492e-02,1.296533375941732492e-02,1.296533375941732492e-02,-1.197437611541814738e-02,-9.309140410664144827e-02,-1.075863523448709197e-02,-1.777382685917763827e-02,3.806359270804769712e-03,1.296533375941732319e-02,1.296533375941732319e-02,1.296533375941732319e-02,1.296533375941732319e-02,1.296533375941732319e-02,1.296533375941732319e-02,1.296533375941732319e-02,1.296533375941732319e-02,1.296533375941732319e-02,1.296533375941732145e-02,1.296533375941732319e-02,1.296533375941732145e-02,1.296533375941732145e-02
1.463839084761191754e-02,1.463839084761191754e-02,1.463839084761192275e-02,1.463839084761192795e-02,1.463839084761192275e-02,1.463839084761192622e-02,1.463839084761192275e-02,1.463839084761192101e-02,1.463839084761192622e-02,1.463839084761192275e-02,1.463839084761192275e-02,1.463839084761192275e-02,1.463839084761192275e-02,1.463839084761192275e-02,1.463839084761192275e-02,1.020431288632956193e-02,1.463839084761192275e-02,1.463839084761192275e-02,1.463839084761192275e-02,1.463839084761192275e-02,1.463839084761192275e-02,1.463839084761192275e-02,1.463839084761192275e-02,1.318709422068012685e-02,3.475462259339132109e-03,-4.172578305965270185e-03,2.383376838810619472e-03,3.841169605272323762e-03,1.463839084761192275e-02,1.463839084761192275e-02,1.463839084761192275e-02,1.463839084761192275e-02,1.463839084761192275e-02,1.219081343645011736e-02,-5.114550238848415697e-03,6.215829959340470751e-03,3.590131009910263460e-03,-5.429887832916563406e-03,1.463839084761192275e-02,1.463839084761192275e-02,1.463839084761192275e-02,8.270227055413508638e-03,1.219081343645011736e-02,3.529470718559128695e-03,7.667426978399158322e-03,5.963046788765878625e-03,-9.333987927064040305e-03,8.663407370502300420e-03,1.463839084761192275e-02,1.463839084761192275e-02,1.463839084761192275e-02,8.270227055413508638e-03,2.295243578303875036e-03,3.063138145735222473e-04,-3.304553711263383264e-04,-2.295243578303875036e-03,-2.579258070933523883e-03,4.229329409219963892e-03,1.463839084761192275e-02,1.463839084761192275e-02,1.463839084761192275e-02,1.463839084761192275e-02,6.990350282307508309e-03,3.011588555853844662e-03,6.806522827542162146e-03,2.311729865193026812e-03,-4.433607048686562593e-03,1.296533375941714798e-02,0.000000000000000000e+00,1.463839084761192275e-02,1.463839084761192275e-02,1.463839084761192275e-02,1.712796282248883056e-03,-8.415177377622401478e-04,-3.067334687661099624e-03,-7.518024972694853370e-04,2.992673055354878181e-03,1.463839084761192275e-02,1.463839084761192275e-02,1.463839084761192275e-02,1.463839084761192275e-02,1.463839084761192275e-02,7.909540220621482515e-03,-3.910810726437386614e-03,9.360836847553294024e-03,1.638610956811294150e-02,8.270227055413508638e-03,1.463839084761192275e-02,1.463839084761192275e-02,1.463839084761192275e-02,1.463839084761192275e-02,1.463839084761192275e-02,1.463839084761192275e-02,1.463839084761192275e-02,1.463839084761192275e-02,1.463839084761192275e-02,1.463839084761192448e-02,1.463839084761192448e-02,1.463839084761192622e-02,1.463839084761192622e-02
1.463839084761191754e-02,1.463839084761191754e-02,1.463839084761192275e-02,1.463839084761192795e-02,1.463839084761192275e-02,1.463839084761192622e-02,1.463839084761192275e-02,1.463839084761192101e-02,1.463839084761192622e-02,1.463839084761192275e-02,1.463839084761192275e-02,1.463839084761192275e-02,1.463839084761192275e-02,1.463839084761192275e-02,1.463839084761192275e-02,1.020431288632956193e-02,1.463839084761192275e-02,1.463839084761192275e-02,1.463839084761192275e-02,1.463839084761192275e-02,1.463839084761192275e-02,1.463839084761192275e-02,1.463839084761192275e-02,1.318709422068012685e-02,3.475462259339132109e-03,-4.172578305965270185e-03,2.383376838810619472e-03,3.841169605272323762e-03,1.463839084761192275e-02,1.463839084761192275e-02,1.463839084761192275e-02,1.463839084761192275e-02,1.463839084761192275e-02,1.219081343645011736e-02,-5.114550238848415697e-03,6.215829959340470751e-03,3.590131009910263460e-03,-5.429887832916563406e-03,1.463839084761192275e-02,1.463839084761192275e-02,1.463839084761192275e-02,8.270227055413508638e-03,1.219081343645011736e-02,3.529470718559128695e-03,7.667426978399158322e-03,5.963046788765878625e-03,-9.333987927064040305e-03,8.663407370502300420e-03,1.463839084761192275e-02,1.463839084761192275e-02,1.463839084761192275e-02,8.270227055413508638e-03,2.295243578303875036e-03,3.063138145735222473e-04,-3.304553711263383264e-04,-2.295243578303875036e-03,-2.579258070933523883e-03,4.229329409219963892e-03,1.463839084761192275e-02,1.463839084761192275e-02,1.463839084761192275e-02,1.463839084761192275e-02,6.990350282307508309e-03,3.011588555853844662e-03,6.806522827542162146e-03,2.311729865193026812e-03,-4.433607048686562593e-03,1.296533375941714798e-02,1.463839084761192275e-02,0.000000000000000000e+00,1.463839084761192275e-02,1.463839084761192275e-02,1.712796282248883056e-03,-8.415177377622401478e-04,-3.067334687661099624e-03,-7.518024972694853370e-04,2.992673055354878181e-03,1.463839084761192275e-02,1.463839084761192275e-02,1.463839084761192275e-02,1.463839084761192275e-02,1.463839084761192275e-02,7.909540220621482515e-03,-3.910810726437386614e-03,9.360836847553294024e-03,1.638610956811294150e-02,8.270227055413508638e-03,1.463839084761192275e-02,1.463839084761192275e-02,1.463839084761192275e-02,1.463839084761192275e-02,1.463839084761192275e-02,1.463839084761192275e-02,1.463839084761192275e-02,1.463839084761192275e-02,1.463839084761192275e-02,1.463839084761192448e-02,1.463839084761192448e-02,1.463839084761192622e-02,1.463839084761192622e-02
1.463839084761191754e-02,1.463839084761191754e-02,1.463839084761192275e-02,1.463839084761192795e-02,1.463839084761192275e-02,1.463839084761192622e-02,1.463839084761192275e-02,1.463839084761192101e-02,1.463839084761192622e-02,1.463839084761192275e-02,1.463839084761192275e-02,1.463839084761192275e-02,1.463839084761192275e-02,1.463839084761192275e-02,1.463839084761192275e-02,1.020431288632956193e-02,1.463839084761192275e-02,1.463839084761192275e-02,1.463839084761192275e-02,1.463839084761192275e-02,1.463839084761192275e-02,1.463839084761192275e-02,1.463839084761192275e-02,1.318709422068012685e-02,3.475462259339132109e-03,-4.172578305965270185e-03,2.383376838810619472e-03,3.841169605272323762e-03,1.463839084761192275e-02,1.463839084761192275e-02,1.463839084761192275e-02,1.463839084761192275e-02,1.463839084761192275e-02,1.219081343645011736e-02,-5.114550238848415697e-03,6.215829959340470751e-03,3.590131009910263460e-03,-5.429887832916563406e-03,1.463839084761192275e-02,1.463839084761192275e-02,1.463839084761192275e-02,8.270227055413508638e-03,1.219081343645011736e-02,3.529470718559128695e-03,7.667426978399158322e-03,5.963046788765878625e-03,-9.333987927064040305e-03,8.663407370502300420e-03,1.463839084761192275e-02,1.463839084761192275e-02,1.463839084761192275e-02,8.270227055413508638e-03,2.295243578303875036e-03,3.063138145735222473e-04,-3.304553711263383264e-04,-2.295243578303875036e-03,-2.579258070933523883e-03,4.229329409219963892e-03,1.463839084761192275e-02,1.463839084761192275e-02,1.463839084761192275e-02,1.463839084761192275e-02,6.990350282307508309e-03,3.011588555853844662e-03,6.806522827542162146e-03,2.311729865193026812e-03,-4.433607048686562593e-03,1.296533375941714798e-02,1.463839084761192275e-02,1.463839084761192275e-02,0.000000000000000000e+00,1.463839084761192275e-02,1.712796282248883056e-03,-8.415177377622401478e-04,-3.067334687661099624e-03,-7.518024972694853370e-04,2.992673055354878181e-03,1.463839084761192275e-02,1.463839084761192275e-02,1.463839084761192275e-02,1.463839084761192275e-02,1.463839084761192275e-02,7.909540220621482515e-03,-3.910810726437386614e-03,9.360836847553294024e-03,1.638610956811294150e-02,8.270227055413508638e-03,1.463839084761192275e-02,1.463839084761192275e-02,1.463839084761192275e-02,1.463839084761192275e-02,1.463839084761192275e-02,1.463839084761192275e-02,1.463839084761192275e-02,1.463839084761192275e-02,1.463839084761192275e-02,1.463839084761192448e-02,1.463839084761192448e-02,1.463839084761192622e-02,1.463839084761192622e-02
1.463839084761191754e-02,1.463839084761191754e-02,1.463839084761192275e-02,1.463839084761192795e-02,1.463839084761192275e-02,1.463839084761192622e-02,1.463839084761192275e-02,1.463839084761192101e-02,1.463839084761192622e-02,1.463839084761192275e-02,1.463839084761192275e-02,1.463839084761192275e-02,1.463839084761192275e-02,1.463839084761192275e-02,1.463839084761192275e-02,1.020431288632956193e-02,1.463839084761192275e-02,1.463839084761192275e-02,1.463839084761192275e-02,1.463839084761192275e-02,1.463839084761192275e-02,1.463839084761192275e-02,1.463839084761192275e-02,1.318709422068012685e-02,3.475462259339132109e-03,-4.172578305965270185e-03,2.383376838810619472e-03,3.841169605272323762e-03,1.463839084761192275e-02,1.463839084761192275e-02,1.463839084761192275e-02,1.463839084761192275e-02,1.463839084761192275e-02,1.219081343645011736e-02,-5.114550238848415697e-03,6.215829959340470751e-03,3.590131009910263460e-03,-5.429887832916563406e-03,1.463839084761192275e-02,1.463839084761192275e-02,1.463839084761192275e-02,8.270227055413508638e-03,1.219081343645011736e-02,3.529470718559128695e-03,7.667426978399158322e-03,5.963046788765878625e-03,-9.333987927064040305e-03,8.663407370502300420e-03,1.463839084761192275e-02,1.463839084761192275e-02,1.463839084761192275e-02,8.270227055413508638e-03,2.295243578303875036e-03,3.063138145735222473e-04,-3.304553711263383264e-04,-2.295243578303875036e-03,-2.579258070933523883e-03,4.229329409219963892e-03,1.463839084761192275e-02,1.463839084761192275e-02,1.463839084761192275e-02,1.463839084761192275e-02,6.990350282307508309e-03,3.011588555853844662e-03,6.806522827542162146e-03,2.311729865193026812e-03,-4.433607048686562593e-03,1.296533375941714798e-02,1.463839084761192275e-02,1.463839084761192275e-02,1.463839084761192275e-02,0.000000000000000000e+00,1.712796282248883056e-03,-8.415177377622401478e-04,-3.067334687661099624e-03,-7.518024972694853370e-04,2.992673055354878181e-03,1.463839084761192275e-02,1.463839084761192275e-02,1.463839084761192275e-02,1.463839084761192275e-02,1.463839084761192275e-02,7.909540220621482515e-03,-3.910810726437386614e-03,9.360836847553294024e-03,1.638610956811294150e-02,8.270227055413508638e-03,1.463839084761192275e-02,1.463839084761192275e-02,1.463839084761192275e-02,1.463839084761192275e-02,1.463839084761192275e-02,1.463839084761192275e-02,1.463839084761192275e-02,1.463839084761192275e-02,1.463839084761192275e-02,1.463839084761192448e-02,1.463839084761192448e-02,1.463839084761192622e-02,1.463839084761192622e-02
1.712796282248134089e-03,1.712796282248302791e-03,1.712796282248204346e-03,1.712796282248300623e-03,1.712796282248236004e-03,1.712796282248265495e-03,1.712796282248229282e-03,1.712796282248230150e-03,1.712796282248229933e-03,1.712796282248234703e-03,1.712796282248234703e-03,1.712796282248234703e-03,1.712796282248234703e-03,1.712796282248234703e-03,1.712796282248234703e-03,-3.234467779659615239e-02,1.712796282248234703e-03,1.712796282248234703e-03,1.712796282248234703e-03,1.712796282248234703e-03,1.712796282248234703e-03,1.712796282248234703e-03,1.712796282248234703e-03,-7.214867448511143311e-02,-1.665206129040479321e-02,1.583939723905835040e-01,1.372578599046401504e-01,8.784872077512907718e-02,1.712796282248234703e-03,1.712796282248234703e-03,1.712796282248234703e-03,1.712796282248234703e-03,1.712796282248234703e-03,-2.341564057077067870e-02,1.682310226667143443e-02,5.963674378224043116e-02,7.605016346862765453e-02,9.629443179810846798e-02,1.712796282248234703e-03,1.712796282248234703e-03,1.712796282248234703e-03,-5.118360297543474852e-02,-2.341564057077067870e-02,2.109086486724122411e-03,-7.556683726578161675e-02,3.265513421034139940e-02,4.428987669688795592e-02,8.476518063525936841e-02,1.712796282248234703e-03,1.712796282248234703e-03,1.712796282248234703e-03,-5.118360297543474852e-02,3.186878137757639257e-02,-1.915717299740007235e-02,4.828220106396359512e-02,-3.186878137757639257e-02,3.137422600571480868e-02,5.070770655641503033e-02,1.712796282248234703e-03,1.712796282248234703e-03,1.712796282248234703e-03,1.712796282248234703e-03,1.767588299632364968e-01,5.623080875071083395e-02,-9.095642714205404156e-02,7.632188681019939913e-03,4.756139788376771704e-02,9.370644561022538344e-02,1.712796282248234703e-03,1.712796282248234703e-03,1.712796282248234703e-03,1.712796282248234703e-03,0.000000000000000000e+00,8.408960653893432502e-02,-1.068939504094215120e-01,4.293013984593439802e-02,3.837048429811625028e-02,1.712796282248234703e-03,1.712796282248234703e-03,1.712796282248234703e-03,1.712796282248234703e-03,1.712796282248234703e-03,1.740541278843957956e-02,1.671761094297391850e-02,9.126688355579924694e-02,-2.175738693442369476e-02,-5.118360297543474852e-02,1.712796282248234487e-03,1.712796282248234487e-03,1.712796282248234487e-03,1.712796282248234487e-03,1.712796282248234487e-03,1.712796282248234487e-03,1.712796282248234487e-03,1.712796282248234487e-03,1.712796282248234487e-03,1.712796282248235571e-03,1.712796282248236438e-03,1.712796282248236438e-03,1.712796282248236438e-03
-8.415177377615502699e-04,-8.415177377614784958e-04,-8.415177377614774116e-04,-8.415177377615090703e-04,-8.415177377615874581e-04,-8.415177377615076608e-04,-8.415177377615620877e-04,-8.415177377615291280e-04,-8.415177377615358500e-04,-8.415177377615251164e-04,-8.415177377615225144e-04,-8.415177377615225144e-04,-8.415177377615225144e-04,-8.415177377615225144e-04,-8.415177377615225144e-04,6.559598607276061200e-02,-8.415177377615225144e-04,-8.415177377615225144e-04,-8.415177377615225144e-04,-8.415177377615225144e-04,-8.415177377615225144e-04,-8.415177377615225144e-04,-8.415177377615225144e-04,-7.905619477013232921e-02,-3.830351615557540945e-02,7.231243331708600564e-02,7.029607519562758311e-02,9.186382521938055157e-03,-8.415177377615225144e-04,-8.415177377615225144e-04,-8.415177377615225144e-04,-8.415177377615225144e-04,-8.415177377615225144e-04,-6.032716325748355146e-02,-2.221923982976452966e-02,-8.366248101870260231e-03,-2.366666127043061049e-02,-4.972663622340786627e-02,-8.415177377615225144e-04,-8.415177377615225144e-04,-8.415177377615225144e-04,-1.651708066333400921e-02,-6.032716325748355146e-02,-3.837232257010652486e-02,-4.334346931446761420e-02,7.360752821100177701e-02,-3.732586607454466132e-02,5.111939741785177793e-02,-8.415177377615225144e-04,-8.415177377615225144e-04,-8.415177377615225144e-04,-1.651708066333400921e-02,3.544383449227932192e-02,-7.220798032753547591e-02,2.014342132371896299e-02,-3.544383449227932192e-02,-1.212471940943439935e-01,1.175569012283739223e-01,-8.415177377615225144e-04,-8.415177377615225144e-04,-8.415177377615225144e-04,-8.415177377615225144e-04,1.097744317348998688e-01,1.599637458454734318e-01,1.657298572174890350e-01,4.034522046992963795e-03,-6.845566773605661626e-02,5.781351657928657933e-02,-8.415177377615225144e-04,-8.415177377615225144e-04,-8.415177377615225144e-04,-8.415177377615225144e-04,8.408960653893468584e-02,0.000000000000000000e+00,7.999044982100947387e-02,-8.278617927872046478e-02,-4.220190585929915750e-02,-8.415177377615225144e-04,-8.415177377615225144e-04,-8.415177377615225144e-04,-8.415177377615225144e-04,-8.415177377615225144e-04,-1.047410199660975122e-01,-1.213187918547775287e-02,-2.652634293372669455e-02,-9.728509601651989802e-02,-1.651708066333400921e-02,-8.415177377615234901e-04,-8.415177377615234901e-04,-8.415177377615234901e-04,-8.415177377615234901e-04,-8.415177377615234901e-04,-8.415177377615234901e-04,-8.415177377615234901e-04,-8.415177377615234901e-04,-8.415177377615234901e-04,-8.415177377615283691e-04,-8.415177377615289112e-04,-8.415177377615294533e-04,-8.415177377615294533e-04
-3.067334687660706709e-03,-3.067334687660680688e-03,-3.067334687660680254e-03,-3.067334687660735332e-03,-3.067334687660719719e-03,-3.067334687660728393e-03,-3.067334687660724923e-03,-3.067334687660675484e-03,-3.067334687660731862e-03,-3.067334687660718852e-03,-3.067334687660717551e-03,-3.067334687660717551e-03,-3.067334687660717551e-03,-3.067334687660717551e-03,-3.067334687660717551e-03,5.432230865943318832e-02,-3.067334687660717551e-03,-3.067334687660717551e-03,-3.067334687660717551e-03,-3.067334687660717551e-03,-3.067334687660717551e-03,-3.067334687660717551e-03,-3.067334687660717551e-03,2.978763110301546266e-02,4.533335931039204902e-02,-1.664934127165154654e-02,-2.559832645210956270e-02,-5.701066250393932444e-03,-3.067334687660717551e-03,-3.067334687660717551e-03,-3.067334687660717551e-03,-3.067334687660717551e-03,-3.067334687660717551e-03,5.915633611260405489e-02,1.910507298688506050e-02,7.501358859578087512e-02,-8.040004560714329729e-02,1.053519212992068410e-02,-3.067334687660717551e-03,-3.067334687660717551e-03,-3.067334687660717551e-03,-2.570181601380359254e-02,5.915633611260405489e-02,2.487987668444520406e-02,6.899781467999957507e-02,4.273959191624190912e-02,-9.408554175282804466e-02,1.278991779551609531e-02,-3.067334687660717551e-03,-3.067334687660717551e-03,-3.067334687660717551e-03,-2.570181601380359254e-02,-9.844563530626786185e-03,-1.176794430648566425e-01,-1.652581977335509378e-01,9.844563530626786185e-03,-5.030704762780034700e-02,7.017956114260996692e-02,-3.067334687660717551e-03,-3.067334687660717551e-03,-3.067334687660717551e-03,-3.067334687660717551e-03,-6.505003526970426497e-02,1.569253917119693698e-02,1.419731504030531388e-01,-2.960714528696789527e-02,-1.883351287966791160e-02,-8.090728775288107133e-02,-3.067334687660717551e-03,-3.067334687660717551e-03,-3.067334687660717551e-03,-3.067334687660717551e-03,-1.068939504094215953e-01,7.999044982100955714e-02,0.000000000000000000e+00,-4.633274346486077055e-02,-6.754573115352090207e-02,-3.067334687660717551e-03,-3.067334687660717551e-03,-3.067334687660717551e-03,-3.067334687660717551e-03,-3.067334687660717551e-03,-1.205628403670186942e-02,1.536754809903596586e-01,-4.491124982737802751e-02,-1.105906899460902815e-01,-2.570181601380359254e-02,-3.067334687660717117e-03,-3.067334687660717117e-03,-3.067334687660717117e-03,-3.067334687660717117e-03,-3.067334687660717117e-03,-3.067334687660717117e-03,-3.067334687660717117e-03,-3.067334687660717117e-03,-3.067334687660717117e-03,-3.067334687660721020e-03,-3.067334687660721888e-03,-3.067334687660722755e-03,-3.067334687660722755e-03
-7.518024972701452908e-04,-7.518024972700661441e-04,-7.518024972701509287e-04,-7.518024972700338348e-04,-7.518024972700486884e-04,-7.518024972701120058e-04,-7.518024972700818650e-04,-7.518024972701382435e-04,-7.518024972700569283e-04,-7.518024972700767692e-04,-7.518024972700806724e-04,-7.518024972700806724e-04,-7.518024972700806724e-04,-7.518024972700806724e-04,-7.518024972700806724e-04,2.048071016834293601e-02,-7.518024972700806724e-04,-7.518024972700806724e-04,-7.518024972700806724e-04,-7.518024972700806724e-04,-7.518024972700806724e-04,-7.518024972700806724e-04,-7.518024972700806724e-04,3.893442334869857274e-02,1.216466545222844031e-01,1.038488783575154673e-01,1.524795013096370659e-02,4.262721828934669388e-02,-7.518024972700806724e-04,-7.518024972700806724e-04,-7.518024972700806724e-04,-7.518024972700806724e-04,-7.518024972700806724e-04,-8.458515665612914569e-02,8.343268372586529202e-02,-2.178236869414732629e-02,-4.617753980066403863e-02,-3.709483436180380234e-02,-7.518024972700806724e-04,-7.518024972700806724e-04,-7.518024972700806724e-04,-7.754398667289938429e-02,-8.458515665612914569e-02,1.424477197280034635e-01,2.083372562734250866e-02,-2.474119727159205737e-02,-3.436879574974165130e-02,6.205098546471171650e-02,-7.518024972700806724e-04,-7.518024972700806724e-04,-7.518024972700806724e-04,-7.754398667289938429e-02,-1.474119871091758571e-02,1.481658202572243288e-01,-3.913636981743433274e-02,1.474119871091758571e-02,-1.408119606045676875e-01,8.328349813032473459e-02,-7.518024972700806724e-04,-7.518024972700806724e-04,-7.518024972700806724e-04,-7.518024972700806724e-04,-1.854957866203903183e-02,-7.822055167976392498e-02,-6.498840311395190361e-02,-1.905633008208516832e-02,8.642474564302389528e-02,-8.135236662402080265e-02,-7.518024972700806724e-04,-7.518024972700806724e-04,-7.518024972700806724e-04,-7.518024972700806724e-04,4.293013984593378740e-02,-8.278617927872089499e-02,-4.633274346486050688e-02,0.000000000000000000e+00,-1.606426816492655119e-02,-7.518024972700806724e-04,-7.518024972700806724e-04,-7.518024972700806724e-04,-7.518024972700806724e-04,-7.518024972700806724e-04,1.004141418566714405e-01,-6.085537622500625937e-03,6.072791601070279266e-02,1.422457732592676827e-01,-7.754398667289938429e-02,-7.518024972700792629e-04,-7.518024972700792629e-04,-7.518024972700792629e-04,-7.518024972700792629e-04,-7.518024972700792629e-04,-7.518024972700792629e-04,-7.518024972700792629e-04,-7.518024972700792629e-04,-7.518024972700792629e-04,-7.518024972700687461e-04,-7.518024972700716735e-04,-7.518024972700698303e-04,-7.518024972700698303e-04
2.992673055354086713e-03,2.992673055354255415e-03,2.992673055354067631e-03,2.992673055354079341e-03,2.992673055354020360e-03,2.992673055354073269e-03,2.992673055354049851e-03,2.992673055354071535e-03,2.992673055354057657e-03,2.992673055354064162e-03,2.992673055354064162e-03,2.992673055354064162e-03,2.992673055354064162e-03,2.992673055354064162e-03,2.992673055354064162e-03,2.029769818233341169e-02,2.992673055354064162e-03,2.992673055354064162e-03,2.992673055354064162e-03,2.992673055354064162e-03,2.992673055354064162e-03,2.992673055354064162e-03,2.992673055354064162e-03,-4.085074437270052455e-02,5.311666236006216957e-02,1.183209199704104986e-02,-3.162479298543616896e-02,8.459188083802328395e-02,2.992673055354064162e-03,2.992673055354064162e-03,2.992673055354064162e-03,2.992673055354064162e-03,2.992673055354064162e-03,-1.418017589267118322e-03,-1.151107970168993022e-01,-1.979230517383372134e-02,-1.968759538097208592e-02,1.184776786432093915e-01,2.992673055354064162e-03,2.992673055354064162e-03,2.992673055354064162e-03,6.460027526661382691e-02,-1.418017589267118322e-03,-5.329392298727605309e-02,-3.591391819581465916e-02,5.844002098252540356e-02,8.537689181276497674e-02,-1.538161452921252281e-02,2.992673055354064162e-03,2.992673055354064162e-03,2.992673055354064162e-03,6.460027526661382691e-02,4.622598768204725511e-02,1.077610390589548162e-01,4.633069747490890788e-02,-4.622598768204725511e-02,7.009826602126686956e-02,1.923410597766846836e-03,2.992673055354064162e-03,2.992673055354064162e-03,2.992673055354064162e-03,2.992673055354064162e-03,-3.829189730766706379e-02,2.324241580764788151e-03,-9.173354962785582045e-04,-5.289309200427814994e-02,7.904495185977597482e-02,-1.991760972310046424e-02,2.992673055354064162e-03,2.992673055354064162e-03,2.992673055354064162e-03,2.992673055354064162e-03,3.837048429811625028e-02,-4.220190585929970567e-02,-6.754573115352092982e-02,-1.606426816492612097e-02,0.000000000000000000e+00,2.992673055354064162e-03,2.992673055354064162e-03,2.992673055354064162e-03,2.992673055354064162e-03,2.992673055354064162e-03,3.581163723308281727e-02,-8.188374674716950713e-03,7.965505466113739774e-02,-4.781396988506761425e-02,6.460027526661382691e-02,2.992673055354063728e-03,2.992673055354063728e-03,2.992673055354063728e-03,2.992673055354063728e-03,2.992673055354063728e-03,2.992673055354063728e-03,2.992673055354063728e-03,2.992673055354063728e-03,2.992673055354063728e-03,2.992673055354068499e-03,2.992673055354069366e-03,2.992673055354071101e-03,2.992673055354071101e-03
1.463839084761191754e-02,1.463839084761191754e-02,1.463839084761192275e-02,1.463839084761192795e-02,1.463839084761192275e-02,1.463839084761192622e-02,1.463839084761192275e-02,1.463839084761192101e-02,1.463839084761192622e-02,1.463839084761192275e-02,1.463839084761192275e-02,1.463839084761192275e-02,1.463839084761192275e-02,1.463839084761192275e-02,1.463839084761192275e-02,1.020431288632956193e-02,1.463839084761192275e-02,1.463839084761192275e-02,1.463839084761192275e-02,1.463839084761192275e-02,1.463839084761192275e-02,1.463839084761192275e-02,1.463839084761192275e-02,1.318709422068012685e-02,3.475462259339132109e-03,-4.172578305965270185e-03,2.383376838810619472e-03,3.841169605272323762e-03,1.463839084761192275e-02,1.463839084761192275e-02,1.463839084761192275e-02,1.463839084761192275e-02,1.463839084761192275e-02,1.219081343645011736e-02,-5.114550238848415697e-03,6.215829959340470751e-03,3.590131009910263460e-03,-5.429887832916563406e-03,1.463839084761192275e-02,1.463839084761192275e-02,1.463839084761192275e-02,8.270227055413508638e-03,1.219081343645011736e-02,3.529470718559128695e-03,7.667426978399158322e-03,5.963046788765878625e-03,-9.333987927064040305e-03,8.663407370502300420e-03,1.463839084761192275e-02,1.463839084761192275e-02,1.463839084761192275e-02,8.270227055413508638e-03,2.295243578303875036e-03,3.063138145735222473e-04,-3.304553711263383264e-04,-2.295243578303875036e-03,-2.579258070933523883e-03,4.229329409219963892e-03,1.463839084761192275e-02,1.463839084761192275e-02,1.463839084761192275e-02,1.463839084761192275e-02,6.990350282307508309e-03,3.011588555853844662e-03,6.806522827542162146e-03,2.311729865193026812e-03,-4.433607048686562593e-03,1.296533375941714798e-02,1.463839084761192275e-02,1.463839084761192275e-02,1.463839084761192275e-02,1.463839084761192275e-02,1.712796282248883056e-03,-8.415177377622401478e-04,-3.067334687661099624e-03,-7.518024972694853370e-04,2.992673055354878181e-03,0.000000000000000000e+00,1.463839084761192275e-02,1.463839084761192275e-02,1.463839084761192275e-02,1.463839084761192275e-02,7.909540220621482515e-03,-3.910810726437386614e-03,9.360836847553294024e-03,1.638610956811294150e-02,8.270227055413508638e-03,1.463839084761192275e-02,1.463839084761192275e-02,1.463839084761192275e-02,1.463839084761192275e-02,1.463839084761192275e-02,1.463839084761192275e-02,1.463839084761192275e-02,1.463839084761192275e-02,1.463839084761192275e-02,1.463839084761192448e-02,1.463839084761192448e-02,1.463839084761192622e-02,1.463839084761192622e-02
1.463839084761191754e-02,1.463839084761191754e-02,1.463839084761192275e-02,1.463839084761192795e-02,1.463839084761192275e-02,1.463839084761192622e-02,1.463839084761192275e-02,1.463839084761192101e-02,1.463839084761192622e-02,1.463839084761192275e-02,1.463839084761192275e-02,1.463839084761192275e-02,1.463839084761192275e-02,1.463839084761192275e-02,1.463839084761192275e-02,1.020431288632956193e-02,1.463839084761192275e-02,1.463839084761192275e-02,1.463839084761192275e-02,1.463839084761192275e-02,1.463839084761192275e-02,1.463839084761192275e-02,1.463839084761192275e-02,1.318709422068012685e-02,3.475462259339132109e-03,-4.172578305965270185e-03,2.383376838810619472e-03,3.841169605272323762e-03,1.463839084761192275e-02,1.463839084761192275e-02,1.463839084761192275e-02,1.463839084761192275e-02,1.463839084761192275e-02,1.219081343645011736e-02,-5.114550238848415697e-03,6.215829959340470751e-03,3.590131009910263460e-03,-5.429887832916563406e-03,1.463839084761192275e-02,1.463839084761192275e-02,1.463839084761192275e-02,8.270227055413508638e-03,1.219081343645011736e-02,3.529470718559128695e-03,7.667426978399158322e-03,5.963046788765878625e-03,-9.333987927064040305e-03,8.663407370502300420e-03,1.463839084761192275e-02,1.463839084761192275e-02,1.463839084761192275e-02,8.270227055413508638e-03,2.295243578303875036e-03,3.063138145735222473e-04,-3.304553711263383264e-04,-2.295243578303875036e-03,-2.579258070933523883e-03,4.229329409219963892e-03,1.463839084761192275e-02,1.463839084761192275e-02,1.463839084761192275e-02,1.463839084761192275e-02,6.990350282307508309e-03,3.011588555853844662e-03,6.806522827542162146e-03,2.311729865193026812e-03,-4.433607048686562593e-03,1.296533375941714798e-02,1.463839084761192275e-02,1.463839084761192275e-02,1.463839084761192275e-02,1.463839084761192275e-02,1.712796282248883056e-03,-8.415177377622401478e-04,-3.067334687661099624e-03,-7.518024972694853370e-04,2.992673055354878181e-03,1.463839084761192275e-02,0.000000000000000000e+00,1.463839084761192275e-02,1.463839084761192275e-02,1.463839084761192275e-02,7.909540220621482515e-03,-3.910810726437386614e-03,9.360836847553294024e-03,1.638610956811294150e-02,8.270227055413508638e-03,1.463839084761192275e-02,1.463839084761192275e-02,1.463839084761192275e-02,1.463839084761192275e-02,1.463839084761192275e-02,1.463839084761192275e-02,1.463839084761192275e-02,1.463839084761192275e-02,1.463839084761192275e-02,1.463839084761192448e-02,1.463839084761192448e-02,1.463839084761192622e-02,1.463839084761192622e-02
1.463839084761191754e-02,1.463839084761191754e-02,1.463839084761192275e-02,1.463839084761192795e-02,1.463839084761192275e-02,1.463839084761192622e-02,1.463839084761192275e-02,1.463839084761192101e-02,1.463839084761192622e-02,1.463839084761192275e-02,1.463839084761192275e-02,1.463839084761192275e-02,1.463839084761192275e-02,1.463839084761192275e-02,1.463839084761192275e-02,1.020431288632956193e-02,1.463839084761192275e-02,1.463839084761192275e-02,1.463839084761192275e-02,1.463839084761192275e-02,1.463839084761192275e-02,1.463839084761192275e-02,1.463839084761192275e-02,1.318709422068012685e-02,3.475462259339132109e-03,-4.172578305965270185e-03,2.383376838810619472e-03,3.841169605272323762e-03,1.463839084761192275e-02,1.463839084761192275e-02,1.463839084761192275e-02,1.463839084761192275e-02,1.463839084761192275e-02,1.219081343645011736e-02,-5.114550238848415697e-03,6.215829959340470751e-03,3.590131009910263460e-03,-5.429887832916563406e-03,1.463839084761192275e-02,1.463839084761192275e-02,1.463839084761192275e-02,8.270227055413508638e-03,1.219081343645011736e-02,3.529470718559128695e-03,7.667426978399158322e-03,5.963046788765878625e-03,-9.333987927064040305e-03,8.663407370502300420e-03,1.463839084761192275e-02,1.463839084761192275e-02,1.463839084761192275e-02,8.270227055413508638e-03,2.295243578303875036e-03,3.063138145735222473e-04,-3.304553711263383264e-04,-2.295243578303875036e-03,-2.579258070933523883e-03,4.229329409219963892e-03,1.463839084761192275e-02,1.463839084761192275e-02,1.463839084761192275e-02,1.463839084761192275e-02,6.990350282307508309e-03,3.011588555853844662e-03,6.806522827542162146e-03,2.311729865193026812e-03,-4.433607048686562593e-03,1.296533375941714798e-02,1.463839084761192275e-02,1.463839084761192275e-02,1.463839084761192275e-02,1.463839084761192275e-02,1.712796282248883056e-03,-8.415177377622401478e-04,-3.067334687661099624e-03,-7.518024972694853370e-04,2.992673055354878181e-03,1.463839084761192275e-02,1.463839084761192275e-02,0.000000000000000000e+00,1.463839084761192275e-02,1.463839084761192275e-02,7.909540220621482515e-03,-3.910810726437386614e-03,9.360836847553294024e-03,1.638610956811294150e-02,8.270227055413508638e-03,1.463839084761192275e-02,1.463839084761192275e-02,1.463839084761192275e-02,1.463839084761192275e-02,1.463839084761192275e-02,1.463839084761192275e-02,1.463839084761192275e-02,1.463839084761192275e-02,1.463839084761192275e-02,1.463839084761192448e-02,1.463839084761192448e-02,1.463839084761192622e-02,1.463839084761192622e-02
1.463839084761191754e-02,1.463839084761191754e-02,1.463839084761192275e-02,1.463839084761192795e-02,1.463839084761192275e-02,1.463839084761192622e-02,1.463839084761192275e-02,1.463839084761192101e-02,1.463839084761192622e-02,1.463839084761192275e-02,1.463839084761192275e-02,1.463839084761192275e-02,1.463839084761192275e-02,1.463839084761192275e-02,1.463839084761192275e-02,1.020431288632956193e-02,1.463839084761192275e-02,1.463839084761192275e-02,1.463839084761192275e-02,1.463839084761192275e-02,1.463839084761192275e-02,1.463839084761192275e-02,1.463839084761192275e-02,1.318709422068012685e-02,3.475462259339132109e-03,-4.172578305965270185e-03,2.383376838810619472e-03,3.841169605272323762e-03,1.463839084761192275e-02,1.463839084761192275e-02,1.463839084761192275e-02,1.463839084761192275e-02,1.463839084761192275e-02,1.219081343645011736e-02,-5.114550238848415697e-03,6.215829959340470751e-03,3.590131009910263460e-03,-5.429887832916563406e-03,1.463839084761192275e-02,1.463839084761192275e-02,1.463839084761192275e-02,8.270227055413508638e-03,1.219081343645011736e-02,3.529470718559128695e-03,7.667426978399158322e-03,5.963046788765878625e-03,-9.333987927064040305e-03,8.663407370502300420e-03,1.463839084761192275e-02,1.463839084761192275e-02,1.463839084761192275e-02,8.270227055413508638e-03,2.295243578303875036e-03,3.063138145735222473e-04,-3.304553711263383264e-04,-2.295243578303875036e-03,-2.579258070933523883e-03,4.229329409219963892e-03,1.463839084761192275e-02,1.463839084761192275e-02,1.463839084761192275e-02,1.463839084761192275e-02,6.990350282307508309e-03,3.011588555853844662e-03,6.806522827542162146e-03,2.311729865193026812e-03,-4.433607048686562593e-03,1.296533375941714798e-02,1.463839084761192275e-02,1.463839084761192275e-02,1.463839084761192275e-02,1.463839084761192275e-02,1.712796282248883056e-03,-8.415177377622401478e-04,-3.067334687661099624e-03,-7.518024972694853370e-04,2.992673055354878181e-03,1.463839084761192275e-02,1.463839084761192275e-02,1.463839084761192275e-02,0.000000000000000000e+00,1.463839084761192275e-02,7.909540220621482515e-03,-3.910810726437386614e-03,9.360836847553294024e-03,1.638610956811294150e-02,8.270227055413508638e-03,1.463839084761192275e-02,1.463839084761192275e-02,1.463839084761192275e-02,1.463839084761192275e-02,1.463839084761192275e-02,1.463839084761192275e-02,1.463839084761192275e-02,1.463839084761192275e-02,1.463839084761192275e-02,1.463839084761192448e-02,1.463839084761192448e-02,1.463839084761192622e-02,1.463839084761192622e-02
1.463839084761191754e-02,1.463839084761191754e-02,1.463839084761192275e-02,1.463839084761192795e-02,1.463839084761192275e-02,1.463839084761192622e-02,1.463839084761192275e-02,1.463839084761192101e-02,1.463839084761192622e-02,1.463839084761192275e-02,1.463839084761192275e-02,1.463839084761192275e-02,1.463839084761192275e-02,1.463839084761192275e-02,1.463839084761192275e-02,1.020431288632956193e-02,1.463839084761192275e-02,1.463839084761192275e-02,1.463839084761192275e-02,1.463839084761192275e-02,1.463839084761192275e-02,1.463839084761192275e-02,1.463839084761192275e-02,1.318709422068012685e-02,3.475462259339132109e-03,-4.172578305965270185e-03,2.383376838810619472e-03,3.841169605272323762e-03,1.463839084761192275e-02,1.463839084761192275e-02,1.463839084761192275e-02,1.463839084761192275e-02,1.463839084761192275e-02,1.219081343645011736e-02,-5.114550238848415697e-03,6.215829959340470751e-03,3.590131009910263460e-03,-5.429887832916563406e-03,1.463839084761192275e-02,1.463839084761192275e-02,1.463839084761192275e-02,8.270227055413508638e-03,1.219081343645011736e-02,3.529470718559128695e-03,7.667426978399158322e-03,5.963046788765878625e-03,-9.333987927064040305e-03,8.663407370502300420e-03,1.463839084761192275e-02,1.463839084761192275e-02,1.463839084761192275e-02,8.270227055413508638e-03,2.295243578303875036e-03,3.063138145735222473e-04,-3.304553711263383264e-04,-2.295243578303875036e-03,-2.579258070933523883e-03,4.229329409219963892e-03,1.463839084761192275e-02,1.463839084761192275e-02,1.463839084761192275e-02,1.463839084761192275e-02,6.990350282307508309e-03,3.011588555853844662e-03,6.806522827542162146e-03,2.311729865193026812e-03,-4.433607048686562593e-03,1.296533375941714798e-02,1.463839084761192275e-02,1.463839084761192275e-02,1.463839084761192275e-02,1.463839084761192275e-02,1.712796282248883056e-03,-8.415177377622401478e-04,-3.067334687661099624e-03,-7.518024972694853370e-04,2.992673055354878181e-03,1.463839084761192275e-02,1.463839084761192275e-02,1.463839084761192275e-02,1.463839084761192275e-02,0.000000000000000000e+00,7.909540220621482515e-03,-3.910810726437386614e-03,9.360836847553294024e-03,1.638610956811294150e-02,8.270227055413508638e-03,1.463839084761192275e-02,1.463839084761192275e-02,1.463839084761192275e-02,1.463839084761192275e-02,1.463839084761192275e-02,1.463839084761192275e-02,1.463839084761192275e-02,1.463839084761192275e-02,1.463839084761192275e-02,1.463839084761192448e-02,1.463839084761192448e-02,1.463839084761192622e-02,1.463839084761192622e-02
7.909540220620759135e-03,7.909540220620705359e-03,7.909540220620733114e-03,7.909540220620759135e-03,7.909540220620736584e-03,7.909540220620729645e-03,7.909540220620726175e-03,7.909540220620722706e-03,7.909540220620726175e-03,7.909540220620727910e-03,7.909540220620726175e-03,7.909540220620726175e-03,7.909540220620726175e-03,7.909540220620726175e-03,7.909540220620726175e-03,-9.767470319921631172e-03,7.909540220620726175e-03,7.909540220620726175e-03,7.909540220620726175e-03,7.909540220620726175e-03,7.909540220620726175e-03,7.909540220620726175e-03,7.909540220620726175e-03,9.258280035369696737e-02,1.383061696278864439e-01,8.440166238097353280e-02,6.323829870474351189e-02,6.908125185286152770e-02,7.909540220620726175e-03,7.909540220620726175e-03,7.909540220620726175e-03,7.909540220620726175e-03,7.909540220620726175e-03,-3.962900319098985186e-03,3.028736983689599149e-03,-3.798349122997243116e-02,-5.386916100011445580e-03,-1.008139421751036435e-02,7.909540220620726175e-03,7.909540220620726175e-03,7.909540220620726175e-03,-2.758874258164902699e-02,-3.962900319098985186e-03,-5.953193863085613768e-02,9.035413217120594198e-02,3.024087763608910781e-02,-1.972183522605116396e-02,-2.611105069025270592e-02,7.909540220620726175e-03,7.909540220620726175e-03,7.909540220620726175e-03,-2.758874258164902699e-02,-6.160933349252247643e-02,1.426318983219906217e-02,-2.901275836256147350e-02,6.160933349252247643e-02,8.872854049039988200e-02,-4.378806123079506674e-02,7.909540220620726175e-03,7.909540220620726175e-03,7.909540220620726175e-03,7.909540220620726175e-03,-4.599496702629214673e-02,-3.188005483845209043e-02,-5.083651271918505216e-02,-4.762393223851318913e-02,8.646430645528556391e-02,-1.197437611541870943e-02,7.909540220620726175e-03,7.909540220620726175e-03,7.909540220620726175e-03,7.909540220620726175e-03,1.740541278843965589e-02,-1.047410199660979702e-01,-1.205628403670196136e-02,1.004141418566716071e-01,3.581163723308278257e-02,7.909540220620726175e-03,7.909540220620726175e-03,7.909540220620726175e-03,7.909540220620726175e-03,7.909540220620726175e-03,0.000000000000000000e+00,6.902110631857216738e-02,7.130992003535255308e-02,4.038103360279363119e-03,-2.758874258164902699e-02,7.909540220620726175e-03,7.909540220620726175e-03,7.909540220620726175e-03,7.909540220620726175e-03,7.909540220620726175e-03,7.909540220620726175e-03,7.909540220620726175e-03,7.909540220620726175e-03,7.909540220620726175e-03,7.909540220620731379e-03,7.909540220620733114e-03,7.909540220620733114e-03,7.909540220620733114e-03
-3.910810726437839377e-03,-3.910810726437631210e-03,-3.910810726437780396e-03,-3.910810726437716212e-03,-3.910810726437679782e-03,-3.910810726437713609e-03,-3.910810726437702334e-03,-3.910810726437721416e-03,-3.910810726437745702e-03,-3.910810726437750039e-03,-3.910810726437749171e-03,-3.910810726437749171e-03,-3.910810726437749171e-03,-3.910810726437749171e-03,-3.910810726437749171e-03,-7.553720581941024415e-02,-3.910810726437749171e-03,-3.910810726437749171e-03,-3.910810726437749171e-03,-3.910810726437749171e-03,-3.910810726437749171e-03,-3.910810726437749171e-03,-3.910810726437749171e-03,1.203835535629506001e-02,-2.605288774400554841e-03,-3.895961806726629811e-02,3.977268943755423586e-02,1.457256837507890368e-01,-3.910810726437749171e-03,-3.910810726437749171e-03,-3.910810726437749171e-03,-3.910810726437749171e-03,-3.910810726437749171e-03,5.676678998646325636e-02,1.082462262869399172e-03,1.095930540738015990e-01,6.802209055989559550e-02,1.053154901255219100e-01,-3.910810726437749171e-03,-3.910810726437749171e-03,-3.910810726437749171e-03,-6.517112563699423156e-02,5.676678998646325636e-02,-1.833985395460939472e-02,1.046920988712450040e-01,1.528315961626370290e-01,-7.197053185548138443e-02,4.891545336090057094e-02,-3.910810726437749171e-03,-3.910810726437749171e-03,-3.910810726437749171e-03,-6.517112563699423156e-02,-1.234486154965595134e-02,-1.361212827031283989e-01,-5.391582506356189242e-02,1.234486154965595134e-02,-2.074220125928756542e-02,-2.271094173207195005e-02,-3.910810726437749171e-03,-3.910810726437749171e-03,-3.910810726437749171e-03,-3.910810726437749171e-03,-4.026514001930339703e-02,-7.206405568466425771e-02,2.422245010738774060e-02,-6.769296790720175094e-02,6.058705549535368939e-02,-9.309140410664172582e-02,-3.910810726437749171e-03,-3.910810726437749171e-03,-3.910810726437749171e-03,-3.910810726437749171e-03,1.671761094297342584e-02,-1.213187918547792982e-02,1.536754809903598529e-01,-6.085537622500816757e-03,-8.188374674717412149e-03,-3.910810726437749171e-03,-3.910810726437749171e-03,-3.910810726437749171e-03,-3.910810726437749171e-03,-3.910810726437749171e-03,6.902110631857190370e-02,0.000000000000000000e+00,5.307194023583909626e-02,-6.021732366187620977e-02,-6.517112563699423156e-02,-3.910810726437749171e-03,-3.910810726437749171e-03,-3.910810726437749171e-03,-3.910810726437749171e-03,-3.910810726437749171e-03,-3.910810726437749171e-03,-3.910810726437749171e-03,-3.910810726437749171e-03,-3.910810726437749171e-03,-3.910810726437749171e-03,-3.910810726437749171e-03,-3.910810726437748304e-03,-3.910810726437748304e-03
9.360836847552815240e-03,9.360836847552962692e-03,9.360836847552771872e-03,9.360836847552879425e-03,9.360836847552830853e-03,9.360836847552820444e-03,9.360836847552816975e-03,9.360836847552829118e-03,9.360836847552820444e-03,9.360836847552822179e-03,9.360836847552822179e-03,9.360836847552822179e-03,9.360836847552822179e-03,9.360836847552822179e-03,9.360836847552822179e-03,1.982416399587002762e-02,9.360836847552822179e-03,9.360836847552822179e-03,9.360836847552822179e-03,9.360836847552822179e-03,9.360836847552822179e-03,9.360836847552822179e-03,9.360836847552822179e-03,-3.713659717618193745e-02,8.177324718367019740e-02,5.523277668038174826e-02,3.238970791861939258e-02,1.103770592462237771e-01,9.360836847552822179e-03,9.360836847552822179e-03,9.360836847552822179e-03,9.360836847552822179e-03,9.360836847552822179e-03,1.735389189559645787e-02,-6.727531304769257536e-02,1.093289347434863237e-02,7.124656784706252799e-02,8.122711128793354274e-02,9.360836847552822179e-03,9.360836847552822179e-03,9.360836847552822179e-03,-2.879146255039718300e-02,1.735389189559645787e-02,6.771887870946825816e-03,-4.456689198904595361e-02,9.799731763277857999e-02,5.593733721087489064e-02,2.939838426305012298e-03,9.360836847552822179e-03,9.360836847552822179e-03,9.360836847552822179e-03,-2.879146255039718300e-02,-3.521246097164499461e-02,7.549404905773593466e-02,2.510121340106889753e-02,3.521246097164499461e-02,2.103120360340597628e-02,1.340316557462222988e-02,9.360836847552822179e-03,9.360836847552822179e-03,9.360836847552822179e-03,9.360836847552822179e-03,-1.717963365573561135e-02,-7.725602899034601789e-03,1.412756956086641535e-05,-1.435688060271000932e-02,2.673662221615515089e-02,-1.075863523448780494e-02,9.360836847552822179e-03,9.360836847552822179e-03,9.360836847552822179e-03,9.360836847552822179e-03,9.126688355579931633e-02,-2.652634293372758273e-02,-4.491124982737808302e-02,6.072791601070334777e-02,7.965505466113775856e-02,9.360836847552822179e-03,9.360836847552822179e-03,9.360836847552822179e-03,9.360836847552822179e-03,9.360836847552822179e-03,7.130992003535301105e-02,5.307194023583960973e-02,0.000000000000000000e+00,-5.263495904166193284e-03,-2.879146255039718300e-02,9.360836847552823914e-03,9.360836847552823914e-03,9.360836847552823914e-03,9.360836847552823914e-03,9.360836847552823914e-03,9.360836847552823914e-03,9.360836847552823914e-03,9.360836847552823914e-03,9.360836847552823914e-03,9.360836847552827383e-03,9.360836847552827383e-03,9.360836847552829118e-03,9.360836847552829118e-03
1.638610956811310110e-02,1.638610956811307681e-02,1.638610956811309763e-02,1.638610956811318090e-02,1.638610956811324681e-02,1.638610956811317049e-02,1.638610956811321559e-02,1.638610956811311498e-02,1.638610956811321212e-02,1.638610956811317743e-02,1.638610956811317396e-02,1.638610956811317396e-02,1.638610956811317396e-02,1.638610956811317396e-02,1.638610956811317396e-02,-5.563686218838032049e-02,1.638610956811317396e-02,1.638610956811317396e-02,1.638610956811317396e-02,1.638610956811317396e-02,1.638610956811317396e-02,1.638610956811317396e-02,1.638610956811317396e-02,2.568770883255903567e-02,-6.798486839621332989e-02,-8.447875942647081748e-02,-2.775197131738928874e-02,-1.512165505463665405e-02,1.638610956811317396e-02,1.638610956811317396e-02,1.638610956811317396e-02,1.638610956811317396e-02,1.638610956811317396e-02,-4.038102005319342547e-02,6.311015353247878545e-02,-2.271497465616018757e-02,7.121969150780241287e-02,-8.691505410934022291e-02,1.638610956811317396e-02,1.638610956811317396e-02,1.638610956811317396e-02,-2.616436441278799721e-02,-4.038102005319342547e-02,9.782664984579458878e-02,1.582954968208809265e-02,-3.041783870204854690e-02,-2.805757058218039807e-02,3.405215496514643614e-02,1.638610956811317396e-02,1.638610956811317396e-02,1.638610956811317396e-02,-2.616436441278799721e-02,-8.498319015754752376e-03,7.272765461688797395e-02,8.543634714820780296e-02,8.498319015754752376e-03,-1.294394366692183662e-01,-3.797081679134703402e-02,1.638610956811317396e-02,1.638610956811317396e-02,1.638610956811317396e-02,1.638610956811317396e-02,-1.077814621443513692e-04,-9.965495776614202716e-02,-8.079120498626315983e-02,3.614250887099967890e-02,-2.084632522358776524e-02,-1.777382685917760358e-02,1.638610956811317396e-02,1.638610956811317396e-02,1.638610956811317396e-02,1.638610956811317396e-02,-2.175738693442320557e-02,-9.728509601652066130e-02,-1.105906899460906423e-01,1.422457732592682378e-01,-4.781396988506687873e-02,1.638610956811317396e-02,1.638610956811317396e-02,1.638610956811317396e-02,1.638610956811317396e-02,1.638610956811317396e-02,4.038103360280160224e-03,-6.021732366187605712e-02,-5.263495904165686745e-03,0.000000000000000000e+00,-2.616436441278799721e-02,1.638610956811317396e-02,1.638610956811317396e-02,1.638610956811317396e-02,1.638610956811317396e-02,1.638610956811317396e-02,1.638610956811317396e-02,1.638610956811317396e-02,1.638610956811317396e-02,1.638610956811317396e-02,1.638610956811318090e-02,1.638610956811318090e-02,1.638610956811318090e-02,1.638610956811318090e-02
8.270227055413189449e-03,8.270227055413210265e-03,8.270227055413217204e-03,8.270227055413125264e-03,8.270227055413113121e-03,8.270227055413175571e-03,8.270227055413154754e-03,8.270227055413165163e-03,8.270227055413161693e-03,8.270227055413165163e-03,8.270227055413165163e-03,8.270227055413165163e-03,8.270227055413165163e-03,8.270227055413165163e-03,8.270227055413165163e-03,1.067784707279295295e-02,8.270227055413165163e-03,8.270227055413165163e-03,8.270227055413165163e-03,8.270227055413165163e-03,8.270227055413165163e-03,8.270227055413165163e-03,8.270227055413165163e-03,9.472947024161546686e-03,-2.518112256426888185e-02,-4.757326298930595471e-02,-6.163112406524493686e-02,-2.194400880292815548e-02,8.270227055413165163e-03,8.270227055413165163e-03,8.270227055413165163e-03,8.270227055413165163e-03,8.270227055413165163e-03,-6.581096048413458827e-03,-5.295003420805513561e-02,-2.450936868884188991e-02,-8.734403221812436779e-02,3.182067952235927144e-02,8.270227055413165163e-03,8.270227055413165163e-03,8.270227055413165163e-03,1.016619648724245151e-01,-6.581096048413458827e-03,-5.653634013966375021e-02,1.632040077163046665e-02,-3.359424986148730474e-02,2.010556667482603366e-02,-9.658045585015234691e-03,8.270227055413165163e-03,8.270227055413165163e-03,8.270227055413165163e-03,1.016619648724245151e-01,8.373369223199612910e-02,3.257330381579241069e-02,2.089902870271366508e-02,-8.373369223199612910e-02,4.648780434692736246e-02,-7.250425567635415680e-03,8.270227055413165163e-03,8.270227055413165163e-03,8.270227055413165163e-03,8.270227055413165163e-03,-1.412191336962393719e-02,1.306143303565322766e-02,5.875059761702737526e-03,-3.622448153637511381e-02,4.787472259493426308e-02,3.806359270804500830e-03,8.270227055413165163e-03,8.270227055413165163e-03,8.270227055413165163e-03,8.270227055413165163e-03,-5.118360297543412402e-02,-1.651708066333435615e-02,-2.570181601380393255e-02,-7.754398667289895408e-02,6.460027526661429875e-02,8.270227055413165163e-03,8.270227055413165163e-03,8.270227055413165163e-03,8.270227055413165163e-03,8.270227055413165163e-03,-2.758874258164870780e-02,-6.517112563699396788e-02,-2.879146255039707891e-02,-2.616436441278849334e-02,0.000000000000000000e+00,8.270227055413165163e-03,8.270227055413165163e-03,8.270227055413165163e-03,8.270227055413165163e-03,8.270227055413165163e-03,8.270227055413165163e-03,8.270227055413165163e-03,8.270227055413165163e-03,8.270227055413165163e-03,8.270227055413163428e-03,8.270227055413168632e-03,8.270227055413168632e-03,8.270227055413168632e-03
1.463839084761191754e-02,1.463839084761191754e-02,1.463839084761192275e-02,1.463839084761192795e-02,1.463839084761192275e-02,1.463839084761192622e-02,1.463839084761192275e-02,1.463839084761192101e-02,1.463839084761192622e-02,1.463839084761192275e-02,1.463839084761192275e-02,1.463839084761192275e-02,1.463839084761192275e-02,1.463839084761192275e-02,1.463839084761192275e-02,1.020431288632956193e-02,1.463839084761192275e-02,1.463839084761192275e-02,1.463839084761192275e-02,1.463839084761192275e-02,1.463839084761192275e-02,1.463839084761192275e-02,1.463839084761192275e-02,1.318709422068012685e-02,3.475462259339132109e-03,-4.172578305965270185e-03,2.383376838810619472e-03,3.841169605272323762e-03,1.463839084761192275e-02,1.463839084761192275e-02,1.463839084761192275e-02,1.463839084761192275e-02,1.463839084761192275e-02,1.219081343645011736e-02,-5.114550238848415697e-03,6.215829959340470751e-03,3.590131009910263460e-03,-5.429887832916563406e-03,1.463839084761192275e-02,1.463839084761192275e-02,1.463839084761192275e-02,8.270227055413508638e-03,1.219081343645011736e-02,3.529470718559128695e-03,7.667426978399158322e-03,5.963046788765878625e-03,-9.333987927064040305e-03,8.663407370502300420e-03,1.463839084761192275e-02,1.463839084761192275e-02,1.463839084761192275e-02,8.270227055413508638e-03,2.295243578303875036e-03,3.063138145735222473e-04,-3.304553711263383264e-04,-2.295243578303875036e-03,-2.579258070933523883e-03,4.229329409219963892e-03,1.463839084761192275e-02,1.463839084761192275e-02,1.463839084761192275e-02,1.463839084761192275e-02,6.990350282307508309e-03,3.011588555853844662e-03,6.806522827542162146e-03,2.311729865193026812e-03,-4.433607048686562593e-03,1.296533375941714798e-02,1.463839084761192275e-02,1.463839084761192275e-02,1.463839084761192275e-02,1.463839084761192275e-02,1.712796282248883056e-03,-8.415177377622401478e-04,-3.067334687661099624e-03,-7.518024972694853370e-04,2.992673055354878181e-03,1.463839084761192275e-02,1.463839084761192275e-02,1.463839084761192275e-02,1.463839084761192275e-02,1.463839084761192275e-02,7.909540220621482515e-03,-3.910810726437386614e-03,9.360836847553294024e-03,1.638610956811294150e-02,8.270227055413508638e-03,0.000000000000000000e+00,1.463839084761192275e-02,1.463839084761192275e-02,1.463839084761192275e-02,1.463839084761192275e-02,1.463839084761192275e-02,1.463839084761192275e-02,1.463839084761192275e-02,1.463839084761192275e-02,1.463839084761192448e-02,1.463839084761192448e-02,1.463839084761192622e-02,1.463839084761192622e-02
1.463839084761191754e-02,1.463839084761191754e-02,1.463839084761192275e-02,1.463839084761192795e-02,1.463839084761192275e-02,1.463839084761192622e-02,1.463839084761192275e-02,1.463839084761192101e-02,1.463839084761192622e-02,1.463839084761192275e-02,1.463839084761192275e-02,1.463839084761192275e-02,1.463839084761192275e-02,1.463839084761192275e-02,1.463839084761192275e-02,1.020431288632956193e-02,1.463839084761192275e-02,1.463839084761192275e-02,1.463839084761192275e-02,1.463839084761192275e-02,1.463839084761192275e-02,1.463839084761192275e-02,1.463839084761192275e-02,1.318709422068012685e-02,3.475462259339132109e-03,-4.172578305965270185e-03,2.383376838810619472e-03,3.841169605272323762e-03,1.463839084761192275e-02,1.463839084761192275e-02,1.463839084761192275e-02,1.463839084761192275e-02,1.463839084761192275e-02,1.219081343645011736e-02,-5.114550238848415697e-03,6.215829959340470751e-03,3.590131009910263460e-03,-5.429887832916563406e-03,1.463839084761192275e-02,1.463839084761192275e-02,1.463839084761192275e-02,8.270227055413508638e-03,1.219081343645011736e-02,3.529470718559128695e-03,7.667426978399158322e-03,5.963046788765878625e-03,-9.333987927064040305e-03,8.663407370502300420e-03,1.463839084761192275e-02,1.463839084761192275e-02,1.463839084761192275e-02,8.270227055413508638e-03,2.295243578303875036e-03,3.063138145735222473e-04,-3.304553711263383264e-04,-2.295243578303875036e-03,-2.579258070933523883e-03,4.229329409219963892e-03,1.463839084761192275e-02,1.463839084761192275e-02,1.463839084761192275e-02,1.463839084761192275e-02,6.990350282307508309e-03,3.011588555853844662e-03,6.806522827542162146e-03,2.311729865193026812e-03,-4.433607048686562593e-03,1.296533375941714798e-02,1.463839084761192275e-02,1.463839084761192275e-02,1.463839084761192275e-02,1.463839084761192275e-02,1.712796282248883056e-03,-8.415177377622401478e-04,-3.067334687661099624e-03,-7.518024972694853370e-04,2.992673055354878181e-03,1.463839084761192275e-02,1.463839084761192275e-02,1.463839084761192275e-02,1.463839084761192275e-02,1.463839084761192275e-02,7.909540220621482515e-03,-3.910810726437386614e-03,9.360836847553294024e-03,1.638610956811294150e-02,8.270227055413508638e-03,1.463839084761192275e-02,0.000000000000000000e+00,1.463839084761192275e-02,1.463839084761192275e-02,1.463839084761192275e-02,1.463839084761192275e-02,1.463839084761192275e-02,1.463839084761192275e-02,1.463839084761192275e-02,1.463839084761192448e-02,1.463839084761192448e-02,1.463839084761192622e-02,1.463839084761192622e-02
1.463839084761191754e-02,1.463839084761191754e-02,1.463839084761192275e-02,1.463839084761192795e-02,1.463839084761192275e-02,1.463839084761192622e-02,1.463839084761192275e-02,1.463839084761192101e-02,1.463839084761192622e-02,1.463839084761192275e-02,1.463839084761192275e-02,1.463839084761192275e-02,1.463839084761192275e-02,1.463839084761192275e-02,1.463839084761192275e-02,1.020431288632956193e-02,1.463839084761192275e-02,1.463839084761192275e-02,1.463839084761192275e-02,1.463839084761192275e-02,1.463839084761192275e-02,1.463839084761192275e-02,1.463839084761192275e-02,1.318709422068012685e-02,3.475462259339132109e-03,-4.172578305965270185e-03,2.383376838810619472e-03,3.841169605272323762e-03,1.463839084761192275e-02,1.463839084761192275e-02,1.463839084761192275e-02,1.463839084761192275e-02,1.463839084761192275e-02,1.219081343645011736e-02,-5.114550238848415697e-03,6.215829959340470751e-03,3.590131009910263460e-03,-5.429887832916563406e-03,1.463839084761192275e-02,1.463839084761192275e-02,1.463839084761192275e-02,8.270227055413508638e-03,1.219081343645011736e-02,3.529470718559128695e-03,7.667426978399158322e-03,5.963046788765878625e-03,-9.333987927064040305e-03,8.663407370502300420e-03,1.463839084761192275e-02,1.463839084761192275e-02,1.463839084761192275e-02,8.270227055413508638e-03,2.295243578303875036e-03,3.063138145735222473e-04,-3.304553711263383264e-04,-2.295243578303875036e-03,-2.579258070933523883e-03,4.229329409219963892e-03,1.463839084761192275e-02,1.463839084761192275e-02,1.463839084761192275e-02,1.463839084761192275e-02,6.990350282307508309e-03,3.011588555853844662e-03,6.806522827542162146e-03,2.311729865193026812e-03,-4.433607048686562593e-03,1.296533375941714798e-02,1.463839084761192275e-02,1.463839084761192275e-02,1.463839084761192275e-02,1.463839084761192275e-02,1.712796282248883056e-03,-8.415177377622401478e-04,-3.067334687661099624e-03,-7.518024972694853370e-04,2.992673055354878181e-03,1.463839084761192275e-02,1.463839084761192275e-02,1.463839084761192275e-02,1.463839084761192275e-02,1.463839084761192275e-02,7.909540220621482515e-03,-3.910810726437386614e-03,9.360836847553294024e-03,1.638610956811294150e-02,8.270227055413508638e-03,1.463839084761192275e-02,1.463839084761192275e-02,0.000000000000000000e+00,1.463839084761192275e-02,1.463839084761192275e-02,1.463839084761192275e-02,1.463839084761192275e-02,1.463839084761192275e-02,1.463839084761192275e-02,1.463839084761192448e-02,1.463839084761192448e-02,1.463839084761192622e-02,1.463839084761192622e-02
1.463839084761191754e-02,1.463839084761191754e-02,1.463839084761192275e-02,1.463839084761192795e-02,1.463839084761192275e-02,1.463839084761192622e-02,1.463839084761192275e-02,1.463839084761192101e-02,1.463839084761192622e-02,1.463839084761192275e-02,1.463839084761192275e-02,1.463839084761192275e-02,1.463839084761192275e-02,1.463839084761192275e-02,1.463839084761192275e-02,1.020431288632956193e-02,1.463839084761192275e-02,1.463839084761192275e-02,1.463839084761192275e-02,1.463839084761192275e-02,1.463839084761192275e-02,1.463839084761192275e-02,1.463839084761192275e-02,1.318709422068012685e-02,3.475462259339132109e-03,-4.172578305965270185e-03,2.383376838810619472e-03,3.841169605272323762e-03,1.463839084761192275e-02,1.463839084761192275e-02,1.463839084761192275e-02,1.463839084761192275e-02,1.463839084761192275e-02,1.219081343645011736e-02,-5.114550238848415697e-03,6.215829959340470751e-03,3.590131009910263460e-03,-5.429887832916563406e-03,1.463839084761192275e-02,1.463839084761192275e-02,1.463839084761192275e-02,8.270227055413508638e-03,1.219081343645011736e-02,3.529470718559128695e-03,7.667426978399158322e-03,5.963046788765878625e-03,-9.333987927064040305e-03,8.663407370502300420e-03,1.463839084761192275e-02,1.463839084761192275e-02,1.463839084761192275e-02,8.270227055413508638e-03,2.295243578303875036e-03,3.063138145735222473e-04,-3.304553711263383264e-04,-2.295243578303875036e-03,-2.579258070933523883e-03,4.229329409219963892e-03,1.463839084761192275e-02,1.463839084761192275e-02,1.463839084761192275e-02,1.463839084761192275e-02,6.990350282307508309e-03,3.011588555853844662e-03,6.806522827542162146e-03,2.311729865193026812e-03,-4.433607048686562593e-03,1.296533375941714798e-02,1.463839084761192275e-02,1.463839084761192275e-02,1.463839084761192275e-02,1.463839084761192275e-02,1.712796282248883056e-03,-8.415177377622401478e-04,-3.067334687661099624e-03,-7.518024972694853370e-04,2.992673055354878181e-03,1.463839084761192275e-02,1.463839084761192275e-02,1.463839084761192275e-02,1.463839084761192275e-02,1.463839084761192275e-02,7.909540220621482515e-03,-3.910810726437386614e-03,9.360836847553294024e-03,1.638610956811294150e-02,8.270227055413508638e-03,1.463839084761192275e-02,1.463839084761192275e-02,1.463839084761192275e-02,0.000000000000000000e+00,1.463839084761192275e-02,1.463839084761192275e-02,1.463839084761192275e-02,1.463839084761192275e-02,1.463839084761192275e-02,1.463839084761192448e-02,1.463839084761192448e-02,1.463839084761192622e-02,1.463839084761192622e-02
1.463839084761191754e-02,1.463839084761191754e-02,1.463839084761192275e-02,1.463839084761192795e-02,1.463839084761192275e-02,1.463839084761192622e-02,1.463839084761192275e-02,1.463839084761192101e-02,1.463839084761192622e-02,1.463839084761192275e-02,1.463839084761192275e-02,1.463839084761192275e-02,1.463839084761192275e-02,1.463839084761192275e-02,1.463839084761192275e-02,1.020431288632956193e-02,1.463839084761192275e-02,1.463839084761192275e-02,1.463839084761192275e-02,1.463839084761192275e-02,1.463839084761192275e-02,1.463839084761192275e-02,1.463839084761192275e-02,1.318709422068012685e-02,3.475462259339132109e-03,-4.172578305965270185e-03,2.383376838810619472e-03,3.841169605272323762e-03,1.463839084761192275e-02,1.463839084761192275e-02,1.463839084761192275e-02,1.463839084761192275e-02,1.463839084761192275e-02,1.219081343645011736e-02,-5.114550238848415697e-03,6.215829959340470751e-03,3.590131009910263460e-03,-5.429887832916563406e-03,1.463839084761192275e-02,1.463839084761192275e-02,1.463839084761192275e-02,8.270227055413508638e-03,1.219081343645011736e-02,3.529470718559128695e-03,7.667426978399158322e-03,5.963046788765878625e-03,-9.333987927064040305e-03,8.663407370502300420e-03,1.463839084761192275e-02,1.463839084761192275e-02,1.463839084761192275e-02,8.270227055413508638e-03,2.295243578303875036e-03,3.063138145735222473e-04,-3.304553711263383264e-04,-2.295243578303875036e-03,-2.579258070933523883e-03,4.229329409219963892e-03,1.463839084761192275e-02,1.463839084761192275e-02,1.463839084761192275e-02,1.463839084761192275e-02,6.990350282307508309e-03,3.011588555853844662e-03,6.806522827542162146e-03,2.311729865193026812e-03,-4.433607048686562593e-03,1.296533375941714798e-02,1.463839084761192275e-02,1.463839084761192275e-02,1.463839084761192275e-02,1.463839084761192275e-02,1.712796282248883056e-03,-8.415177377622401478e-04,-3.067334687661099624e-03,-7.518024972694853370e-04,2.992673055354878181e-03,1.463839084761192275e-02,1.463839084761192275e-02,1.463839084761192275e-02,1.463839084761192275e-02,1.463839084761192275e-02,7.909540220621482515e-03,-3.910810726437386614e-03,9.360836847553294024e-03,1.638610956811294150e-02,8.270227055413508638e-03,1.463839084761192275e-02,1.463839084761192275e-02,1.463839084761192275e-02,1.463839084761192275e-02,0.000000000000000000e+00,1.463839084761192275e-02,1.463839084761192275e-02,1.463839084761192275e-02,1.463839084761192275e-02,1.463839084761192448e-02,1.463839084761192448e-02,1.463839084761192622e-02,1.463839084761192622e-02
1.463839084761191754e-02,1.463839084761191754e-02,1.463839084761192275e-02,1.463839084761192795e-02,1.463839084761192275e-02,1.463839084761192622e-02,1.463839084761192275e-02,1.463839084761192101e-02,1.463839084761192622e-02,1.463839084761192275e-02,1.463839084761192275e-02,1.463839084761192275e-02,1.463839084761192275e-02,1.463839084761192275e-02,1.463839084761192275e-02,1.020431288632956193e-02,1.463839084761192275e-02,1.463839084761192275e-02,1.463839084761192275e-02,1.463839084761192275e-02,1.463839084761192275e-02,1.463839084761192275e-02,1.463839084761192275e-02,1.318709422068012685e-02,3.475462259339132109e-03,-4.172578305965270185e-03,2.383376838810619472e-03,3.841169605272323762e-03,1.463839084761192275e-02,1.463839084761192275e-02,1.463839084761192275e-02,1.463839084761192275e-02,1.463839084761192275e-02,1.219081343645011736e-02,-5.114550238848415697e-03,6.215829959340470751e-03,3.590131009910263460e-03,-5.429887832916563406e-03,1.463839084761192275e-02,1.463839084761192275e-02,1.463839084761192275e-02,8.270227055413508638e-03,1.219081343645011736e-02,3.529470718559128695e-03,7.667426978399158322e-03,5.963046788765878625e-03,-9.333987927064040305e-03,8.663407370502300420e-03,1.463839084761192275e-02,1.463839084761192275e-02,1.463839084761192275e-02,8.270227055413508638e-03,2.295243578303875036e-03,3.063138145735222473e-04,-3.304553711263383264e-04,-2.295243578303875036e-03,-2.579258070933523883e-03,4.229329409219963892e-03,1.463839084761192275e-02,1.463839084761192275e-02,1.463839084761192275e-02,1.463839084761192275e-02,6.990350282307508309e-03,3.011588555853844662e-03,6.806522827542162146e-03,2.311729865193026812e-03,-4.433607048686562593e-03,1.296533375941714798e-02,1.463839084761192275e-02,1.463839084761192275e-02,1.463839084761192275e-02,1.463839084761192275e-02,1.712796282248883056e-03,-8.415177377622401478e-04,-3.067334687661099624e-03,-7.518024972694853370e-04,2.992673055354878181e-03,1.463839084761192275e-02,1.463839084761192275e-02,1.463839084761192275e-02,1.463839084761192275e-02,1.463839084761192275e-02,7.909540220621482515e-03,-3.910810726437386614e-03,9.360836847553294024e-03,1.638610956811294150e-02,8.270227055413508638e-03,1.463839084761192275e-02,1.463839084761192275e-02,1.463839084761192275e-02,1.463839084761192275e-02,1.463839084761192275e-02,0.000000000000000000e+00,1.463839084761192275e-02,1.463839084761192275e-02,1.463839084761192275e-02,1.463839084761192448e-02,1.463839084761192448e-02,1.463839084761192622e-02,1.463839084761192622e-02
1.463839084761191754e-02,1.463839084761191754e-02,1.463839084761192275e-02,1.463839084761192795e-02,1.463839084761192275e-02,1.463839084761192622e-02,1.463839084761192275e-02,1.463839084761192101e-02,1.463839084761192622e-02,1.463839084761192275e-02,1.463839084761192275e-02,1.463839084761192275e-02,1.463839084761192275e-02,1.463839084761192275e-02,1.463839084761192275e-02,1.020431288632956193e-02,1.463839084761192275e-02,1.463839084761192275e-02,1.463839084761192275e-02,1.463839084761192275e-02,1.463839084761192275e-02,1.463839084761192275e-02,1.463839084761192275e-02,1.318709422068012685e-02,3.475462259339132109e-03,-4.172578305965270185e-03,2.383376838810619472e-03,3.841169605272323762e-03,1.463839084761192275e-02,1.463839084761192275e-02,1.463839084761192275e-02,1.463839084761192275e-02,1.463839084761192275e-02,1.219081343645011736e-02,-5.114550238848415697e-03,6.215829959340470751e-03,3.590131009910263460e-03,-5.429887832916563406e-03,1.463839084761192275e-02,1.463839084761192275e-02,1.463839084761192275e-02,8.270227055413508638e-03,1.219081343645011736e-02,3.529470718559128695e-03,7.667426978399158322e-03,5.963046788765878625e-03,-9.333987927064040305e-03,8.663407370502300420e-03,1.463839084761192275e-02,1.463839084761192275e-02,1.463839084761192275e-02,8.270227055413508638e-03,2.295243578303875036e-03,3.063138145735222473e-04,-3.304553711263383264e-04,-2.295243578303875036e-03,-2.579258070933523883e-03,4.229329409219963892e-03,1.463839084761192275e-02,1.463839084761192275e-02,1.463839084761192275e-02,1.463839084761192275e-02,6.990350282307508309e-03,3.011588555853844662e-03,6.806522827542162146e-03,2.311729865193026812e-03,-4.433607048686562593e-03,1.296533375941714798e-02,1.463839084761192275e-02,1.463839084761192275e-02,1.463839084761192275e-02,1.463839084761192275e-02,1.712796282248883056e-03,-8.415177377622401478e-04,-3.067334687661099624e-03,-7.518024972694853370e-04,2.992673055354878181e-03,1.463839084761192275e-02,1.463839084761192275e-02,1.463839084761192275e-02,1.463839084761192275e-02,1.463839084761192275e-02,7.909540220621482515e-03,-3.910810726437386614e-03,9.360836847553294024e-03,1.638610956811294150e-02,8.270227055413508638e-03,1.463839084761192275e-02,1.463839084761192275e-02,1.463839084761192275e-02,1.463839084761192275e-02,1.463839084761192275e-02,1.463839084761192275e-02,0.000000000000000000e+00,1.463839084761192275e-02,1.463839084761192275e-02,1.463839084761192448e-02,1.463839084761192448e-02,1.463839084761192622e-02,1.463839084761192622e-02
1.463839084761191754e-02,1.463839084761191754e-02,1.463839084761192275e-02,1.463839084761192795e-02,1.463839084761192275e-02,1.463839084761192622e-02,1.463839084761192275e-02,1.463839084761192101e-02,1.463839084761192622e-02,1.463839084761192275e-02,1.463839084761192275e-02,1.463839084761192275e-02,1.463839084761192275e-02,1.463839084761192275e-02,1.463839084761192275e-02,1.020431288632956193e-02,1.463839084761192275e-02,1.463839084761192275e-02,1.463839084761192275e-02,1.463839084761192275e-02,1.463839084761192275e-02,1.463839084761192275e-02,1.463839084761192275e-02,1.318709422068012685e-02,3.475462259339132109e-03,-4.172578305965270185e-03,2.383376838810619472e-03,3.841169605272323762e-03,1.463839084761192275e-02,1.463839084761192275e-02,1.463839084761192275e-02,1.463839084761192275e-02,1.463839084761192275e-02,1.219081343645011736e-02,-5.114550238848415697e-03,6.215829959340470751e-03,3.590131009910263460e-03,-5.429887832916563406e-03,1.463839084761192275e-02,1.463839084761192275e-02,1.463839084761192275e-02,8.270227055413508638e-03,1.219081343645011736e-02,3.529470718559128695e-03,7.667426978399158322e-03,5.963046788765878625e-03,-9.333987927064040305e-03,8.663407370502300420e-03,1.463839084761192275e-02,1.463839084761192275e-02,1.463839084761192275e-02,8.270227055413508638e-03,2.295243578303875036e-03,3.063138145735222473e-04,-3.304553711263383264e-04,-2.295243578303875036e-03,-2.579258070933523883e-03,4.229329409219963892e-03,1.463839084761192275e-02,1.463839084761192275e-02,1.463839084761192275e-02,1.463839084761192275e-02,6.990350282307508309e-03,3.011588555853844662e-03,6.806522827542162146e-03,2.311729865193026812e-03,-4.433607048686562593e-03,1.296533375941714798e-02,1.463839084761192275e-02,1.463839084761192275e-02,1.463839084761192275e-02,1.463839084761192275e-02,1.712796282248883056e-03,-8.415177377622401478e-04,-3.067334687661099624e-03,-7.518024972694853370e-04,2.992673055354878181e-03,1.463839084761192275e-02,1.463839084761192275e-02,1.463839084761192275e-02,1.463839084761192275e-02,1.463839084761192275e-02,7.909540220621482515e-03,-3.910810726437386614e-03,9.360836847553294024e-03,1.638610956811294150e-02,8.270227055413508638e-03,1.463839084761192275e-02,1.463839084761192275e-02,1.463839084761192275e-02,1.463839084761192275e-02,1.463839084761192275e-02,1.463839084761192275e-02,1.463839084761192275e-02,0.000000000000000000e+00,1.463839084761192275e-02,1.463839084761192448e-02,1.463839084761192448e-02,1.463839084761192622e-02,1.463839084761192622e-02
1.463839084761191754e-02,1.463839084761191754e-02,1.463839084761192275e-02,1.463839084761192795e-02,1.463839084761192275e-02,1.463839084761192622e-02,1.463839084761192275e-02,1.463839084761192101e-02,1.463839084761192622e-02,1.463839084761192275e-02,1.463839084761192275e-02,1.463839084761192275e-02,1.463839084761192275e-02,1.463839084761192275e-02,1.463839084761192275e-02,1.020431288632956193e-02,1.463839084761192275e-02,1.463839084761192275e-02,1.463839084761192275e-02,1.463839084761192275e-02,1.463839084761192275e-02,1.463839084761192275e-02,1.463839084761192275e-02,1.318709422068012685e-02,3.475462259339132109e-03,-4.172578305965270185e-03,2.383376838810619472e-03,3.841169605272323762e-03,1.463839084761192275e-02,1.463839084761192275e-02,1.463839084761192275e-02,1.463839084761192275e-02,1.463839084761192275e-02,1.219081343645011736e-02,-5.114550238848415697e-03,6.215829959340470751e-03,3.590131009910263460e-03,-5.429887832916563406e-03,1.463839084761192275e-02,1.463839084761192275e-02,1.463839084761192275e-02,8.270227055413508638e-03,1.219081343645011736e-02,3.529470718559128695e-03,7.667426978399158322e-03,5.963046788765878625e-03,-9.333987927064040305e-03,8.663407370502300420e-03,1.463839084761192275e-02,1.463839084761192275e-02,1.463839084761192275e-02,8.270227055413508638e-03,2.295243578303875036e-03,3.063138145735222473e-04,-3.304553711263383264e-04,-2.295243578303875036e-03,-2.579258070933523883e-03,4.229329409219963892e-03,1.463839084761192275e-02,1.463839084761192275e-02,1.463839084761192275e-02,1.463839084761192275e-02,6.990350282307508309e-03,3.011588555853844662e-03,6.806522827542162146e-03,2.311729865193026812e-03,-4.433607048686562593e-03,1.296533375941714798e-02,1.463839084761192275e-02,1.463839084761192275e-02,1.463839084761192275e-02,1.463839084761192275e-02,1.712796282248883056e-03,-8.415177377622401478e-04,-3.067334687661099624e-03,-7.518024972694853370e-04,2.992673055354878181e-03,1.463839084761192275e-02,1.463839084761192275e-02,1.463839084761192275e-02,1.463839084761192275e-02,1.463839084761192275e-02,7.909540220621482515e-03,-3.910810726437386614e-03,9.360836847553294024e-03,1.638610956811294150e-02,8.270227055413508638e-03,1.463839084761192275e-02,1.463839084761192275e-02,1.463839084761192275e-02,1.463839084761192275e-02,1.463839084761192275e-02,1.463839084761192275e-02,1.463839084761192275e-02,1.463839084761192275e-02,0.000000000000000000e+00,1.463839084761192448e-02,1.463839084761192448e-02,1.463839084761192622e-02,1.463839084761192622e-02
1.463839084761191754e-02,1.463839084761191754e-02,1.463839084761192275e-02,1.463839084761192795e-02,1.463839084761192275e-02,1.463839084761192622e-02,1.463839084761192275e-02,1.463839084761192101e-02,1.463839084761192622e-02,1.463839084761192275e-02,1.463839084761192275e-02,1.463839084761192275e-02,1.463839084761192275e-02,1.463839084761192275e-02,1.463839084761192275e-02,1.020431288632956193e-02,1.463839084761192275e-02,1.463839084761192275e-02,1.463839084761192275e-02,1.463839084761192275e-02,1.463839084761192275e-02,1.463839084761192275e-02,1.463839084761192275e-02,1.318709422068012685e-02,3.475462259339132109e-03,-4.172578305965270185e-03,2.383376838810619472e-03,3.841169605272323762e-03,1.463839084761192275e-02,1.463839084761192275e-02,1.463839084761192275e-02,1.463839084761192275e-02,1.463839084761192275e-02,1.219081343645011736e-02,-5.114550238848415697e-03,6.215829959340470751e-03,3.590131009910263460e-03,-5.429887832916563406e-03,1.463839084761192275e-02,1.463839084761192275e-02,1.463839084761192275e-02,8.270227055413508638e-03,1.219081343645011736e-02,3.529470718559128695e-03,7.667426978399158322e-03,5.963046788765878625e-03,-9.333987927064040305e-03,8.663407370502300420e-03,1.463839084761192275e-02,1.463839084761192275e-02,1.463839084761192275e-02,8.270227055413508638e-03,2.295243578303875036e-03,3.063138145735222473e-04,-3.304553711263383264e-04,-2.295243578303875036e-03,-2.579258070933523883e-03,4.229329409219963892e-03,1.463839084761192275e-02,1.463839084761192275e-02,1.463839084761192275e-02,1.463839084761192275e-02,6.990350282307508309e-03,3.011588555853844662e-03,6.806522827542162146e-03,2.311729865193026812e-03,-4.433607048686562593e-03,1.296533375941714798e-02,1.463839084761192275e-02,1.463839084761192275e-02,1.463839084761192275e-02,1.463839084761192275e-02,1.712796282248883056e-03,-8.415177377622401478e-04,-3.067334687661099624e-03,-7.518024972694853370e-04,2.992673055354878181e-03,1.463839084761192275e-02,1.463839084761192275e-02,1.463839084761192275e-02,1.463839084761192275e-02,1.463839084761192275e-02,7.909540220621482515e-03,-3.910810726437386614e-03,9.360836847553294024e-03,1.638610956811294150e-02,8.270227055413508638e-03,1.463839084761192275e-02,1.463839084761192275e-02,1.463839084761192275e-02,1.463839084761192275e-02,1.463839084761192275e-02,1.463839084761192275e-02,1.463839084761192275e-02,1.463839084761192275e-02,1.463839084761192275e-02,0.000000000000000000e+00,1.463839084761192448e-02,1.463839084761192622e-02,1.463839084761192622e-02
1.463839084761191754e-02,1.463839084761191754e-02,1.463839084761192275e-02,1.463839084761192795e-02,1.463839084761192275e-02,1.463839084761192622e-02,1.463839084761192275e-02,1.463839084761192101e-02,1.463839084761192622e-02,1.463839084761192275e-02,1.463839084761192275e-02,1.463839084761192275e-02,1.463839084761192275e-02,1.463839084761192275e-02,1.463839084761192275e-02,1.020431288632956193e-02,1.463839084761192275e-02,1.463839084761192275e-02,1.463839084761192275e-02,1.463839084761192275e-02,1.463839084761192275e-02,1.463839084761192275e-02,1.463839084761192275e-02,1.318709422068012685e-02,3.475462259339132109e-03,-4.172578305965270185e-03,2.383376838810619472e-03,3.841169605272323762e-03,1.463839084761192275e-02,1.463839084761192275e-02,1.463839084761192275e-02,1.463839084761192275e-02,1.463839084761192275e-02,1.219081343645011736e-02,-5.114550238848415697e-03,6.215829959340470751e-03,3.590131009910263460e-03,-5.429887832916563406e-03,1.463839084761192275e-02,1.463839084761192275e-02,1.463839084761192275e-02,8.270227055413508638e-03,1.219081343645011736e-02,3.529470718559128695e-03,7.667426978399158322e-03,5.963046788765878625e-03,-9.333987927064040305e-03,8.663407370502300420e-03,1.463839084761192275e-02,1.463839084761192275e-02,1.463839084761192275e-02,8.270227055413508638e-03,2.295243578303875036e-03,3.063138145735222473e-04,-3.304553711263383264e-04,-2.295243578303875036e-03,-2.579258070933523883e-03,4.229329409219963892e-03,1.463839084761192275e-02,1.463839084761192275e-02,1.463839084761192275e-02,1.463839084761192275e-02,6.990350282307508309e-03,3.011588555853844662e-03,6.806522827542162146e-03,2.311729865193026812e-03,-4.433607048686562593e-03,1.296533375941714798e-02,1.463839084761192275e-02,1.463839084761192275e-02,1.463839084761192275e-02,1.463839084761192275e-02,1.712796282248883056e-03,-8.415177377622401478e-04,-3.067334687661099624e-03,-7.518024972694853370e-04,2.992673055354878181e-03,1.463839084761192275e-02,1.463839084761192275e-02,1.463839084761192275e-02,1.463839084761192275e-02,1.463839084761192275e-02,7.909540220621482515e-03,-3.910810726437386614e-03,9.360836847553294024e-03,1.638610956811294150e-02,8.270227055413508638e-03,1.463839084761192275e-02,1.463839084761192275e-02,1.463839084761192275e-02,1.463839084761192275e-02,1.463839084761192275e-02,1.463839084761192275e-02,1.463839084761192275e-02,1.463839084761192275e-02,1.463839084761192275e-02,1.463839084761192448e-02,0.000000000000000000e+00,1.463839084761192622e-02,1.463839084761192622e-02
1.463839084761191754e-02,1.463839084761191754e-02,1.463839084761192275e-02,1.463839084761192795e-02,1.463839084761192275e-02,1.463839084761192622e-02,1.463839084761192275e-02,1.463839084761192101e-02,1.463839084761192622e-02,1.463839084761192275e-02,1.463839084761192275e-02,1.463839084761192275e-02,1.463839084761192275e-02,1.463839084761192275e-02,1.463839084761192275e-02,1.020431288632956193e-02,1.463839084761192275e-02,1.463839084761192275e-02,1.463839084761192275e-02,1.463839084761192275e-02,1.463839084761192275e-02,1.463839084761192275e-02,1.463839084761192275e-02,1.318709422068012685e-02,3.475462259339132109e-03,-4.172578305965270185e-03,2.383376838810619472e-03,3.841169605272323762e-03,1.463839084761192275e-02,1.463839084761192275e-02,1.463839084761192275e-02,1.463839084761192275e-02,1.463839084761192275e-02,1.219081343645011736e-02,-5.114550238848415697e-03,6.215829959340470751e-03,3.590131009910263460e-03,-5.429887832916563406e-03,1.463839084761192275e-02,1.463839084761192275e-02,1.463839084761192275e-02,8.270227055413508638e-03,1.219081343645011736e-02,3.529470718559128695e-03,7.667426978399158322e-03,5.963046788765878625e-03,-9.333987927064040305e-03,8.663407370502300420e-03,1.463839084761192275e-02,1.463839084761192275e-02,1.463839084761192275e-02,8.270227055413508638e-03,2.295243578303875036e-03,3.063138145735222473e-04,-3.304553711263383264e-04,-2.295243578303875036e-03,-2.579258070933523883e-03,4.229329409219963892e-03,1.463839084761192275e-02,1.463839084761192275e-02,1.463839084761192275e-02,1.463839084761192275e-02,6.990350282307508309e-03,3.011588555853844662e-03,6.806522827542162146e-03,2.311729865193026812e-03,-4.433607048686562593e-03,1.296533375941714798e-02,1.463839084761192275e-02,1.463839084761192275e-02,1.463839084761192275e-02,1.463839084761192275e-02,1.712796282248883056e-03,-8.415177377622401478e-04,-3.067334687661099624e-03,-7.518024972694853370e-04,2.992673055354878181e-03,1.463839084761192275e-02,1.463839084761192275e-02,1.463839084761192275e-02,1.463839084761192275e-02,1.463839084761192275e-02,7.909540220621482515e-03,-3.910810726437386614e-03,9.360836847553294024e-03,1.638610956811294150e-02,8.270227055413508638e-03,1.463839084761192275e-02,1.463839084761192275e-02,1.463839084761192275e-02,1.463839084761192275e-02,1.463839084761192275e-02,1.463839084761192275e-02,1.463839084761192275e-02,1.463839084761192275e-02,1.463839084761192275e-02,1.463839084761192448e-02,1.463839084761192448e-02,0.000000000000000000e+00,1.463839084761192622e-02
1.463839084761191754e-02,1.463839084761191754e-02,1.463839084761192275e-02,1.463839084761192795e-02,1.463839084761192275e-02,1.463839084761192622e-02,1.463839084761192275e-02,1.463839084761192101e-02,1.463839084761192622e-02,1.463839084761192275e-02,1.463839084761192275e-02,1.463839084761192275e-02,1.463839084761192275e-02,1.463839084761192275e-02,1.463839084761192275e-02,1.020431288632956193e-02,1.463839084761192275e-02,1.463839084761192275e-02,1.463839084761192275e-02,1.463839084761192275e-02,1.463839084761192275e-02,1.463839084761192275e-02,1.463839084761192275e-02,1.318709422068012685e-02,3.475462259339132109e-03,-4.172578305965270185e-03,2.383376838810619472e-03,3.841169605272323762e-03,1.463839084761192275e-02,1.463839084761192275e-02,1.463839084761192275e-02,1.463839084761192275e-02,1.463839084761192275e-02,1.219081343645011736e-02,-5.114550238848415697e-03,6.215829959340470751e-03,3.590131009910263460e-03,-5.429887832916563406e-03,1.463839084761192275e-02,1.463839084761192275e-02,1.463839084761192275e-02,8.270227055413508638e-03,1.219081343645011736e-02,3.529470718559128695e-03,7.667426978399158322e-03,5.963046788765878625e-03,-9.333987927064040305e-03,8.663407370502300420e-03,1.463839084761192275e-02,1.463839084761192275e-02,1.463839084761192275e-02,8.270227055413508638e-03,2.295243578303875036e-03,3.063138145735222473e-04,-3.304553711263383264e-04,-2.295243578303875036e-03,-2.579258070933523883e-03,4.229329409219963892e-03,1.463839084761192275e-02,1.463839084761192275e-02,1.463839084761192275e-02,1.463839084761192275e-02,6.990350282307508309e-03,3.011588555853844662e-03,6.806522827542162146e-03,2.311729865193026812e-03,-4.433607048686562593e-03,1.296533375941714798e-02,1.463839084761192275e-02,1.463839084761192275e-02,1.463839084761192275e-02,1.463839084761192275e-02,1.712796282248883056e-03,-8.415177377622401478e-04,-3.067334687661099624e-03,-7.518024972694853370e-04,2.992673055354878181e-03,1.463839084761192275e-02,1.463839084761192275e-02,1.463839084761192275e-02,1.463839084761192275e-02,1.463839084761192275e-02,7.909540220621482515e-03,-3.910810726437386614e-03,9.360836847553294024e-03,1.638610956811294150e-02,8.270227055413508638e-03,1.463839084761192275e-02,1.463839084761192275e-02,1.463839084761192275e-02,1.463839084761192275e-02,1.463839084761192275e-02,1.463839084761192275e-02,1.463839084761192275e-02,1.463839084761192275e-02,1.463839084761192275e-02,1.463839084761192448e-02,1.463839084761192448e-02,1.463839084761192622e-02,0.000000000000000000e+00
